B;file:Zaborowski_Polona.djvu;Egzemplarz B; ※ wydanie 2
1;file:Zaborowski_Polona.djvu?djvuopts=&highlight=966,2002,70,68&page=1;; strony B
&;file:Zaborowski_Polona.djvu?djvuopts=&highlight=966,2002,70,68&page=1;; ※ et
Polonicũ;file:Zaborowski_Polona.djvu?djvuopts=&highlight=602,1952,216,63&page=1;;※ Polonicum
̈;file:Zaborowski_Polona.djvu?djvuopts=&highlight=957,1936,66,61&page=1;;※ quam
Ioãnis;file:Zaborowski_Polona.djvu?djvuopts=&highlight=652,1833,143,64&page=1;;※ Ioannis
Bodmanẽſis;file:Zaborowski_Polona.djvu?djvuopts=&highlight=973,1822,268,75&page=1;;※ Bodmanensis
iuuentutẽ;file:Zaborowski_Polona.djvu?djvuopts=&highlight=795,1765,235,78&page=1;sic! błąd Urbańczyka?;※ iuuentututem
modũ;file:Zaborowski_Polona.djvu?djvuopts=&highlight=1080,1768,154,56&page=1;;※ modum
Cãdida;file:Zaborowski_Polona.djvu?djvuopts=&highlight=425,1654,170,70&page=1;;※ Candida
ꝟtutis;file:Zaborowski_Polona.djvu?djvuopts=&highlight=589,1656,138,57&page=1;; ※ virtutis
ꝓpera;file:Zaborowski_Polona.djvu?djvuopts=&highlight=655,1536,136,54&page=1;;※ propera
&;file:Zaborowski_Polona.djvu?djvuopts=&highlight=802,1527,59,72&page=1;; ※ et
manibꝰ;file:Zaborowski_Polona.djvu?djvuopts=&highlight=857,1524,175,75&page=1;;※ manibus
libellũ;file:Zaborowski_Polona.djvu?djvuopts=&highlight=1193,1520,66,59&highlight=1134,1463,127,73&page=1;;※ libellum
formã;file:Zaborowski_Polona.djvu?djvuopts=&highlight=580,1477,131,61&page=1;;※ formam
ꝗ;file:Zaborowski_Polona.djvu?djvuopts=&highlight=725,1472,41,55&page=1;;※ qui
at;file:Zaborowski_Polona.djvu?djvuopts=&highlight=891,1465,82,71&page=1;;※ atque
modũ';file:Zaborowski_Polona.djvu?djvuopts=&highlight=984,1472,139,59&page=1;;※ modum
vt;file:Zaborowski_Polona.djvu?djvuopts=&highlight=423,1418,102,63&page=1;;※ vtque
tuę;file:Zaborowski_Polona.djvu?djvuopts=&highlight=698,1409,84,75&page=1;Urbańczyk:tuę;※  tuae
q̃libet;file:Zaborowski_Polona.djvu?djvuopts=&highlight=759,1415,164,71&page=1;Urbańczyk:quęlibet;※  quaelibet
nũc;file:Zaborowski_Polona.djvu?djvuopts=&highlight=805,1347,90,71&page=1;;※ nunc
Quicꝗd;file:Zaborowski_Polona.djvu?djvuopts=&highlight=405,1306,186,71&page=1;;※ Quicquid
em̃;file:Zaborowski_Polona.djvu?djvuopts=&highlight=584,1300,84,56&page=1;;※ enim
cęli;file:Zaborowski_Polona.djvu?djvuopts=&highlight=680,1302,84,68&page=1;Urbańczyk:cęli; ※ ceali
sarmatica;file:Zaborowski_Polona.djvu?djvuopts=&highlight=839,1227,270,77&page=1;;※ sarmaticaque
2;file:Zaborowski_Polona.djvu?djvuopts=&highlight=1489,2669,59,75&page=2;; ※ strony B
&;file:Zaborowski_Polona.djvu?djvuopts=&highlight=1489,2669,59,75&page=2;; ※ et
Polonicũ;file:Zaborowski_Polona.djvu?djvuopts=&highlight=800,2620,218,70&page=2;;※ Polonicum
̃;file:Zaborowski_Polona.djvu?djvuopts=&highlight=1182,2608,68,68&page=2;;※ quam
&;file:Zaborowski_Polona.djvu?djvuopts=&highlight=1223,2558,68,71&page=2;; ※ et
diﬀerẽtes;file:Zaborowski_Polona.djvu?djvuopts=&highlight=1441,2547,218,82&page=2;;※ differentes
ponũt;file:Zaborowski_Polona.djvu?djvuopts=&highlight=1764,2547,75,68&highlight=843,2501,82,64&page=2;;※ ponunt
pluribꝰ;file:Zaborowski_Polona.djvu?djvuopts=&highlight=1652,2485,166,82&page=2;;※ pluribus
ꝗa;file:Zaborowski_Polona.djvu?djvuopts=&highlight=834,2431,64,75&page=2;;※ quia
&;file:Zaborowski_Polona.djvu?djvuopts=&highlight=898,2438,59,70&page=2;; ※ et
noﬅũ;file:Zaborowski_Polona.djvu?djvuopts=&highlight=950,2438,139,70&page=2;;※ nostrum
põt;file:Zaborowski_Polona.djvu?djvuopts=&highlight=1489,2431,118,73&page=2;;※ potest
quãtũ;file:Zaborowski_Polona.djvu?djvuopts=&highlight=1714,2422,131,84&page=2;;※ quantum
&;file:Zaborowski_Polona.djvu?djvuopts=&highlight=1152,2372,57,84&page=2;; ※ et
eadẽ;file:Zaborowski_Polona.djvu?djvuopts=&highlight=1205,2379,113,63&page=2;;※ eadem
pronunciet᷑;file:Zaborowski_Polona.djvu?djvuopts=&highlight=984,2317,273,64&page=2;;※ pronuncietur
etiã;file:Zaborowski_Polona.djvu?djvuopts=&highlight=1386,2313,103,70&page=2;;※ etiam
&;file:Zaborowski_Polona.djvu?djvuopts=&highlight=1470,2317,69,57&page=2;; ※ et
fcm;file:Zaborowski_Polona.djvu?djvuopts=&highlight=1532,2313,136,72&page=2;;※ secundum
grãmaticos;file:Zaborowski_Polona.djvu?djvuopts=&highlight=1664,2311,170,68&highlight=834,2261,116,61%09&page=2;;※ grammaticos
habẽt;file:Zaborowski_Polona.djvu?djvuopts=&highlight=1416,2256,159,70&page=2;;※ habent
aliquãdo;file:Zaborowski_Polona.djvu?djvuopts=&highlight=964,2208,200,64&page=2;;※ aliquando
aliquãdo;file:Zaborowski_Polona.djvu?djvuopts=&highlight=1318,2197,196,64&page=2;;※ aliquando
grauat᷑;file:Zaborowski_Polona.djvu?djvuopts=&highlight=1532,2192,163,71&page=2;;※ grauatur
simiꝉr;file:Zaborowski_Polona.djvu?djvuopts=&highlight=1684,2195,166,75&page=2;;※ similiter
aliquãdo;file:Zaborowski_Polona.djvu?djvuopts=&highlight=736,2149,225,68&page=2;;※ aliquando
aliquãdo;file:Zaborowski_Polona.djvu?djvuopts=&highlight=1107,2145,218,68&page=2;;※ aliquando
itẽ;file:Zaborowski_Polona.djvu?djvuopts=&highlight=1514,2145,86,68&page=2;;※ item
aliquãdo;file:Zaborowski_Polona.djvu?djvuopts=&highlight=941,2090,211,64&page=2;;※ aliquando
aliquãdo;file:Zaborowski_Polona.djvu?djvuopts=&highlight=1364,2083,202,62&page=2;;※ aliquando
circũſ‍lec‍tit᷑;file:Zaborowski_Polona.djvu?djvuopts=&highlight=1566,2077,275,72&page=2;;※ circumflectitur
aliquãdo;file:Zaborowski_Polona.djvu?djvuopts=&highlight=916,2033,204,53&page=2;;※ aliquando
aliqnãdo;file:Zaborowski_Polona.djvu?djvuopts=&highlight=1300,2011,193,81&page=2;;※ aliquando
grauat᷑;file:Zaborowski_Polona.djvu?djvuopts=&highlight=1498,2022,147,57&page=2;;※ grauatur
circũf‍lec‍tinr;file:Zaborowski_Polona.djvu?djvuopts=&highlight=543,1963,275,57&page=2;sic!;※ circumflectitur
quedã;file:Zaborowski_Polona.djvu?djvuopts=&highlight=1318,1958,150,66&page=2;;※ quedam
em̃;file:Zaborowski_Polona.djvu?djvuopts=&highlight=1273,1902,84,68&page=2;;※ enim
cõpoſitione;file:Zaborowski_Polona.djvu?djvuopts=&highlight=1589,1904,266,54&page=2;;※ compositione
&;file:Zaborowski_Polona.djvu?djvuopts=&highlight=948,1856,70,50&page=2;; ※ et
&;file:Zaborowski_Polona.djvu?djvuopts=&highlight=1523,1843,59,56&page=2;; ※ et
produc‍tiõe;file:Zaborowski_Polona.djvu?djvuopts=&highlight=1584,1843,271,56&page=2;;※ productione
&;file:Zaborowski_Polona.djvu?djvuopts=&highlight=689,1783,66,69&page=2;; ※ et
̃ꝗ̃;file:Zaborowski_Polona.djvu?djvuopts=&highlight=752,1777,89,75&page=2;;※ quamquam
vocaliũ;file:Zaborowski_Polona.djvu?djvuopts=&highlight=1268,1779,171,79&page=2;;※ vocalium
&;file:Zaborowski_Polona.djvu?djvuopts=&highlight=1434,1786,59,61&page=2;; ※ et
ꝓ;file:Zaborowski_Polona.djvu?djvuopts=&highlight=1211,1718,59,70&page=2;;※ pro
at;file:Zaborowski_Polona.djvu?djvuopts=&highlight=770,1654,103,86&page=2;;※ atque
habẽt;file:Zaborowski_Polona.djvu?djvuopts=&highlight=1043,1672,132,52&page=2;;※ habent
ꝑ;file:Zaborowski_Polona.djvu?djvuopts=&highlight=1643,1656,48,66&page=2;;※ per
preſupponũt;file:Zaborowski_Polona.djvu?djvuopts=&highlight=459,1613,302,55&page=2;;※ presupponunt
nõ;file:Zaborowski_Polona.djvu?djvuopts=&highlight=1675,1613,93,55&page=2;;※ non
&;file:Zaborowski_Polona.djvu?djvuopts=&highlight=791,1547,75,64&page=2;; ※ et
tñ;file:Zaborowski_Polona.djvu?djvuopts=&highlight=1318,1490,59,64&page=2;;※ tamen
ꝗbus;file:Zaborowski_Polona.djvu?djvuopts=&highlight=1566,1481,118,71&page=2;;※ quibus
&;file:Zaborowski_Polona.djvu?djvuopts=&highlight=1416,1438,48,57&page=2;; ※ et
&;file:Zaborowski_Polona.djvu?djvuopts=&highlight=452,1386,84,57&page=2;; ※ et
quantũ;file:Zaborowski_Polona.djvu?djvuopts=&highlight=902,1370,168,59&page=2;;※ quantum
denotet᷑;file:Zaborowski_Polona.djvu?djvuopts=&highlight=1341,1375,173,63&page=2;;※ denotetur
cũ;file:Zaborowski_Polona.djvu?djvuopts=&highlight=1686,1375,73,59&page=2;;※ cum
diõibus;file:Zaborowski_Polona.djvu?djvuopts=&highlight=695,1243,228,79&page=2;;※ dictionibus
em̃;file:Zaborowski_Polona.djvu?djvuopts=&highlight=1407,1247,102,73&page=2;;※ enim
ꝙ;file:Zaborowski_Polona.djvu?djvuopts=&highlight=1498,1243,61,68&page=2;;※ quod
&;file:Zaborowski_Polona.djvu?djvuopts=&highlight=1632,1245,95,75&page=2;; ※ et
plerũ;file:Zaborowski_Polona.djvu?djvuopts=&highlight=1370,1181,171,84&page=2;;※ plerumque
diiõis;file:Zaborowski_Polona.djvu?djvuopts=&highlight=1532,1193,182,66&page=2;;※ dictionis
exm̃;file:Zaborowski_Polona.djvu?djvuopts=&highlight=757,1129,109,68&page=2;;※ exemplum
i.;file:Zaborowski_Polona.djvu?djvuopts=&highlight=1027,1131,55,59&page=2;; ※ id est
i.;file:Zaborowski_Polona.djvu?djvuopts=&highlight=1257,1127,84,59&page=2;; ※ id est
hęc;file:Zaborowski_Polona.djvu?djvuopts=&highlight=464,1072,91,68&page=2;; ※ haec
ſrcibũtur;file:Zaborowski_Polona.djvu?djvuopts=&highlight=727,1068,223,63&page=2;;※ scribuntur
tn̄;file:Zaborowski_Polona.djvu?djvuopts=&highlight=1095,1075,71,70&page=2;;※ tamen
&;file:Zaborowski_Polona.djvu?djvuopts=&highlight=1157,1070,52,66&page=2;; ※ et
ſignificarũ;file:Zaborowski_Polona.djvu?djvuopts=&highlight=1195,1081,246,50&page=2;;※ significatum
ſignificatũ;file:Zaborowski_Polona.djvu?djvuopts=&highlight=880,1016,238,68&page=2;;※ significatum
&;file:Zaborowski_Polona.djvu?djvuopts=&highlight=1293,1018,84,63&page=2;; ※ et
&;file:Zaborowski_Polona.djvu?djvuopts=&highlight=586,963,53,64&page=2;; ※ et
ſteterũt;file:Zaborowski_Polona.djvu?djvuopts=&highlight=632,956,179,71&page=2;;※ steterunt
huiꝰ;file:Zaborowski_Polona.djvu?djvuopts=&highlight=902,952,107,73&page=2;;※ huius
ntĩ;file:Zaborowski_Polona.djvu?djvuopts=&highlight=984,956,82,73&page=2;;※ nominativi
&;file:Zaborowski_Polona.djvu?djvuopts=&highlight=1200,956,77,64&page=2;; ※ et
diﬅionũ;file:Zaborowski_Polona.djvu?djvuopts=&highlight=1657,904,213,50&page=2;;※ dictionum
latinarũ;file:Zaborowski_Polona.djvu?djvuopts=&highlight=468,845,191,71&page=2;;※ latinarum
&;file:Zaborowski_Polona.djvu?djvuopts=&highlight=773,841,91,70&page=2;; ※ et
&;file:Zaborowski_Polona.djvu?djvuopts=&highlight=957,836,73,66&page=2;; ※ et
multarũ;file:Zaborowski_Polona.djvu?djvuopts=&highlight=1032,832,193,65&page=2;;※ multarum
quarũ;file:Zaborowski_Polona.djvu?djvuopts=&highlight=1405,836,143,66&page=2;;※ quarum
eiſdẽ;file:Zaborowski_Polona.djvu?djvuopts=&highlight=1720,843,155,70&page=2;;※ eisdem
ſcribũtur;file:Zaborowski_Polona.djvu?djvuopts=&highlight=623,784,204,61&page=2;;※ scribuntur
tñ;file:Zaborowski_Polona.djvu?djvuopts=&highlight=977,775,55,70&page=2;;※ tamen
eorũ;file:Zaborowski_Polona.djvu?djvuopts=&highlight=1030,782,118,59&page=2;;※ eorum
&;file:Zaborowski_Polona.djvu?djvuopts=&highlight=1145,777,57,75&page=2;; ※ et
b?o℟;file:Zaborowski_Polona.djvu?djvuopts=&highlight=1750,772,98,78&page=2;;※ borum
ꝗs;file:Zaborowski_Polona.djvu?djvuopts=&highlight=784,704,71,84&page=2;;※ quis
4;file:Zaborowski_Polona.djvu?djvuopts=&highlight=382,2685,159,57&page=3;;※ strony B
multũ;file:Zaborowski_Polona.djvu?djvuopts=&highlight=382,2685,159,57&page=3;;※ multum
aũt;file:Zaborowski_Polona.djvu?djvuopts=&highlight=1239,2690,100,66&page=3;;※ autem
diﬀerentiã;file:Zaborowski_Polona.djvu?djvuopts=&highlight=352,2629,253,68&page=3;;※ differentiam
&;file:Zaborowski_Polona.djvu?djvuopts=&highlight=1230,2640,70,54&page=3;; ※ et
gręca;file:Zaborowski_Polona.djvu?djvuopts=&highlight=1464,2620,120,70&highlight=207,2574,52,57&page=3;; ※ graeca
quarũ;file:Zaborowski_Polona.djvu?djvuopts=&highlight=420,2572,141,63&page=3;;※ quarum
rotundũ;file:Zaborowski_Polona.djvu?djvuopts=&highlight=1191,2454,214,66&page=3;;※ rotundum
tantum;file:Zaborowski_Polona.djvu?djvuopts=&highlight=234,2395,218,54&page=3;;※ tantumque
multiplicauerũt;file:Zaborowski_Polona.djvu?djvuopts=&highlight=441,2395,348,68&page=3;;※ multiplicauerunt
&;file:Zaborowski_Polona.djvu?djvuopts=&highlight=1098,2397,82,57&page=3;; ※ et
ꝙ;file:Zaborowski_Polona.djvu?djvuopts=&highlight=182,2317,77,64&page=3;;※ que
quadragenariũ;file:Zaborowski_Polona.djvu?djvuopts=&highlight=243,2340,334,55&page=3;;※ quadragenarium
numerũ;file:Zaborowski_Polona.djvu?djvuopts=&highlight=827,2340,198,59&page=3;;※ numerum
ꝓfeo;file:Zaborowski_Polona.djvu?djvuopts=&highlight=1155,2322,163,77&page=3;;※ profecto
ym̃o;file:Zaborowski_Polona.djvu?djvuopts=&highlight=448,2272,118,61&page=3;;※ ymmo
ſuꝑuitatis;file:Zaborowski_Polona.djvu?djvuopts=&highlight=557,2281,263,55&page=3;;※ superfluitatis
at;file:Zaborowski_Polona.djvu?djvuopts=&highlight=798,2270,109,72&page=3;;※ atque
cõtinebat;file:Zaborowski_Polona.djvu?djvuopts=&highlight=1057,2274,218,64&page=3;;※ continebat
aũt;file:Zaborowski_Polona.djvu?djvuopts=&highlight=1364,2279,79,59&page=3;;※ autem
antiquoꝶ;file:Zaborowski_Polona.djvu?djvuopts=&highlight=359,2208,214,66&page=3;;※ antiquorum
hmõi;file:Zaborowski_Polona.djvu?djvuopts=&highlight=568,2222,134,64&page=3;;※ huiusmodi
aũt;file:Zaborowski_Polona.djvu?djvuopts=&highlight=909,2211,118,70&page=3;;※ autem
at;file:Zaborowski_Polona.djvu?djvuopts=&highlight=1139,2211,109,75&page=3;;※ atque
ſuꝑuis;file:Zaborowski_Polona.djvu?djvuopts=&highlight=1241,2222,175,66&page=3;;※ superfluijs
breuẽ;file:Zaborowski_Polona.djvu?djvuopts=&highlight=1430,2211,165,63&page=3;;※ breuem
&;file:Zaborowski_Polona.djvu?djvuopts=&highlight=186,2149,69,68&page=3;; ※ et
cõpendioſam;file:Zaborowski_Polona.djvu?djvuopts=&highlight=273,2154,284,59&page=3;;※ compendiosam
dorinã;file:Zaborowski_Polona.djvu?djvuopts=&highlight=927,2156,193,66&page=3;;※ doctrinam
relinquẽdo;file:Zaborowski_Polona.djvu?djvuopts=&highlight=1450,2154,134,70&highlight=184,2095,168,59&page=3;;※ relinquendo
precipuũ;file:Zaborowski_Polona.djvu?djvuopts=&highlight=652,2099,203,66&page=3;;※ precipuum
obſeruandũ;file:Zaborowski_Polona.djvu?djvuopts=&highlight=868,2099,268,64&page=3;;※ obseruandum
litterarũ;file:Zaborowski_Polona.djvu?djvuopts=&highlight=1273,2102,191,63&page=3;;※ litterarum
fignificatũ;file:Zaborowski_Polona.djvu?djvuopts=&highlight=566,2040,239,62&page=3;;※ significatum
q;file:Zaborowski_Polona.djvu?djvuopts=&highlight=789,2042,91,55&page=3;;※ quod
hñt;file:Zaborowski_Polona.djvu?djvuopts=&highlight=1057,2042,102,60&page=3;;※ habent
diiõibus;file:Zaborowski_Polona.djvu?djvuopts=&highlight=1155,2038,231,64&page=3;;※ dictionibus
em̃;file:Zaborowski_Polona.djvu?djvuopts=&highlight=1448,2033,86,73&page=3;;※ enim
vſurpauimꝰ;file:Zaborowski_Polona.djvu?djvuopts=&highlight=330,1974,270,71&page=3;;※ vsurpauimus
accõmodauimꝰ;file:Zaborowski_Polona.djvu?djvuopts=&highlight=675,1990,343,48&page=3;;※ accomodauimus
om̃ino;file:Zaborowski_Polona.djvu?djvuopts=&highlight=1300,1983,143,57&page=3;;※ omnino
&;file:Zaborowski_Polona.djvu?djvuopts=&highlight=1439,1986,52,52&page=3;; ※ et
ꝓprĳs;file:Zaborowski_Polona.djvu?djvuopts=&highlight=284,1920,157,66&page=3;;※ propriis
&;file:Zaborowski_Polona.djvu?djvuopts=&highlight=555,1917,63,73&page=3;; ※ et
ſignificatiõibꝰ;file:Zaborowski_Polona.djvu?djvuopts=&highlight=614,1915,302,71&page=3;;※ significationibus
ſiꝉimodo;file:Zaborowski_Polona.djvu?djvuopts=&highlight=1264,1924,200,66&highlight=1293,1936,137,41&page=3;;※ simili modo
&;file:Zaborowski_Polona.djvu?djvuopts=&highlight=1461,1927,57,54&page=3;; ※ et
ꝑ;file:Zaborowski_Polona.djvu?djvuopts=&highlight=1259,1847,64,70&page=3;;※ per
om̃ia;file:Zaborowski_Polona.djvu?djvuopts=&highlight=1291,1868,129,49&page=3;;※ omnia
feruet᷑;file:Zaborowski_Polona.djvu?djvuopts=&highlight=1432,1854,157,79&page=3;;※ seruetur
&;file:Zaborowski_Polona.djvu?djvuopts=&highlight=334,1797,75,73&page=3;; ※ et
ſignificatũ;file:Zaborowski_Polona.djvu?djvuopts=&highlight=398,1799,222,69&page=3;;※ significatum
ꝓprium;file:Zaborowski_Polona.djvu?djvuopts=&highlight=627,1795,184,61&page=3;;※ proprium
latinarũ;file:Zaborowski_Polona.djvu?djvuopts=&highlight=820,1808,173,62&page=3;;※ latinarum
litterarũ;file:Zaborowski_Polona.djvu?djvuopts=&highlight=1002,1804,175,61&page=3;;※ latinarum
earũ;file:Zaborowski_Polona.djvu?djvuopts=&highlight=566,1745,127,63&page=3;;※ earum
tũc;file:Zaborowski_Polona.djvu?djvuopts=&highlight=345,1688,75,70&page=3;;※ tunc
em̃;file:Zaborowski_Polona.djvu?djvuopts=&highlight=430,1690,72,57&page=3;;※ enim
aliꝗbus;file:Zaborowski_Polona.djvu?djvuopts=&highlight=625,1686,170,57&page=3;;※ aliquibus
eadẽ;file:Zaborowski_Polona.djvu?djvuopts=&highlight=784,1688,125,55&page=3;;※ eadem
tñ;file:Zaborowski_Polona.djvu?djvuopts=&highlight=911,1681,64,55&page=3;;※ tamen
nouũ;file:Zaborowski_Polona.djvu?djvuopts=&highlight=891,1627,127,59&page=3;;※ nouum
ſiꝉr;file:Zaborowski_Polona.djvu?djvuopts=&highlight=1302,1629,73,57&page=3;;※ similiter
&;file:Zaborowski_Polona.djvu?djvuopts=&highlight=1368,1618,71,75&page=3;; ※ et
faciũt;file:Zaborowski_Polona.djvu?djvuopts=&highlight=257,1570,127,75&page=3;;※ faciunt
em̃;file:Zaborowski_Polona.djvu?djvuopts=&highlight=545,1563,105,64&page=3;;※ enim
ꝓprio;file:Zaborowski_Polona.djvu?djvuopts=&highlight=659,1561,152,66&page=3;;※ proprio
litterarũ;file:Zaborowski_Polona.djvu?djvuopts=&highlight=925,1570,198,63&page=3;;※ litterarum
latinarũ;file:Zaborowski_Polona.djvu?djvuopts=&highlight=1114,1568,186,75&page=3;;※ latinarum
ꝗbuſdã;file:Zaborowski_Polona.djvu?djvuopts=&highlight=368,1502,184,68&page=3;;※ quibusdam
ꝟo;file:Zaborowski_Polona.djvu?djvuopts=&highlight=873,1511,88,66&page=3;;※ vero
eodẽ;file:Zaborowski_Polona.djvu?djvuopts=&highlight=970,1493,191,95&page=3;;※ eodem
mõ;file:Zaborowski_Polona.djvu?djvuopts=&highlight=1077,1504,80,75&page=3;;※ modo
cõferuant;file:Zaborowski_Polona.djvu?djvuopts=&highlight=502,1447,225,71&page=3;;※ conseruant
ꝓprĳs;file:Zaborowski_Polona.djvu?djvuopts=&highlight=866,1443,154,68&page=3;;※ propriis
&;file:Zaborowski_Polona.djvu?djvuopts=&highlight=1168,1461,71,63&page=3;; ※ et
&;file:Zaborowski_Polona.djvu?djvuopts=&highlight=1461,1443,64,66&page=3;; ※ et
bñ;file:Zaborowski_Polona.djvu?djvuopts=&highlight=255,1393,90,61&page=3;;※ bene
ratiõabilitᷣ;file:Zaborowski_Polona.djvu?djvuopts=&highlight=373,1390,243,66&page=3;wątpliwy diakryt;※ rationabiliter
faciũt;file:Zaborowski_Polona.djvu?djvuopts=&highlight=657,1390,141,66&page=3;;※ faciunt
ia̋;file:Zaborowski_Polona.djvu?djvuopts=&highlight=1089,1393,93,68&page=3;;※ iam
litterarũ;file:Zaborowski_Polona.djvu?djvuopts=&highlight=1141,1393,193,66&page=3;;※ litterarum
cũ;file:Zaborowski_Polona.djvu?djvuopts=&highlight=305,1329,40,68&page=3;;※ cum
ſuꝑiori;file:Zaborowski_Polona.djvu?djvuopts=&highlight=861,1318,175,91&page=3;;※ superiori
hmõi;file:Zaborowski_Polona.djvu?djvuopts=&highlight=1225,1325,130,81&page=3;;※ huiusmodi
ſonũ;file:Zaborowski_Polona.djvu?djvuopts=&highlight=200,1265,116,78&page=3;;※ sonum
infirmorũ;file:Zaborowski_Polona.djvu?djvuopts=&highlight=443,1272,237,57&page=3;;※ infirmorum
formatũ;file:Zaborowski_Polona.djvu?djvuopts=&highlight=884,1268,202,70&page=3;;※ formatum
&;file:Zaborowski_Polona.djvu?djvuopts=&highlight=1225,1259,80,84&page=3;; ※ et
mutũ;file:Zaborowski_Polona.djvu?djvuopts=&highlight=561,1218,130,57&page=3;;※ mutum
etiã;file:Zaborowski_Polona.djvu?djvuopts=&highlight=727,1213,103,68&page=3;;※ etiam
ſeq̃nte;file:Zaborowski_Polona.djvu?djvuopts=&highlight=943,1211,157,66&page=3;;※ sequente
ꝗdã;file:Zaborowski_Polona.djvu?djvuopts=&highlight=1168,1193,93,88&page=3;;※ quidam
antiquoꝶ;file:Zaborowski_Polona.djvu?djvuopts=&highlight=1241,1211,236,59&page=3;Urbańczyk:antiqui;※ antiquorum
cũ;file:Zaborowski_Polona.djvu?djvuopts=&highlight=514,1159,104,72&page=3;;※ cum
ꝟo;file:Zaborowski_Polona.djvu?djvuopts=&highlight=764,1156,97,62&page=3;;※ vero
hmõi;file:Zaborowski_Polona.djvu?djvuopts=&highlight=1227,1154,121,66&page=3;;※ huiusmodi
raucũ;file:Zaborowski_Polona.djvu?djvuopts=&highlight=427,1097,143,64&page=3;;※ raucum
ſonũ;file:Zaborowski_Polona.djvu?djvuopts=&highlight=675,1093,127,66&page=3;;※ sonum
gr̃a;file:Zaborowski_Polona.djvu?djvuopts=&highlight=955,1077,100,91&page=3;;※ gratia
ꝗs;file:Zaborowski_Polona.djvu?djvuopts=&highlight=1066,1088,75,75&page=3;;※ quis
huiꝰ;file:Zaborowski_Polona.djvu?djvuopts=&highlight=325,1036,98,70&page=3;;※ huius
diiõis;file:Zaborowski_Polona.djvu?djvuopts=&highlight=534,1027,168,79&page=3;;※ dictionis
oratiõe;file:Zaborowski_Polona.djvu?djvuopts=&highlight=975,1034,175,61&page=3;;※ oratione
ꝑcuſſit;file:Zaborowski_Polona.djvu?djvuopts=&highlight=1400,1022,166,78&page=3;;※ percussit
aũt;file:Zaborowski_Polona.djvu?djvuopts=&highlight=741,981,109,48&page=3;;※ autem
ꝑ;file:Zaborowski_Polona.djvu?djvuopts=&highlight=1357,959,45,86&page=3;;※ per
&;file:Zaborowski_Polona.djvu?djvuopts=&highlight=386,918,89,68&page=3;; ※ et
i.;file:Zaborowski_Polona.djvu?djvuopts=&highlight=859,925,50,59&page=3;; ※ id est
i.;file:Zaborowski_Polona.djvu?djvuopts=&highlight=1148,918,59,61&page=3;; ※ id est
cũ;file:Zaborowski_Polona.djvu?djvuopts=&highlight=1509,925,86,59&page=3;;※ cum
hm̃oi;file:Zaborowski_Polona.djvu?djvuopts=&highlight=1109,861,127,70&page=3;;※ huiusmodi
ſonũ;file:Zaborowski_Polona.djvu?djvuopts=&highlight=582,804,129,62&page=3;;※ sonum
ꝓlatũ;file:Zaborowski_Polona.djvu?djvuopts=&highlight=1009,797,159,62&page=3;;※ perlatum
.i.;file:Zaborowski_Polona.djvu?djvuopts=&highlight=402,754,68,55&page=3;; ※ id est
&;file:Zaborowski_Polona.djvu?djvuopts=&highlight=725,747,68,71&page=3;; ※ et
4;file:Zaborowski_Polona.djvu?djvuopts=&highlight=770,2688,57,66&page=4;;※ strony B
ꝗ;file:Zaborowski_Polona.djvu?djvuopts=&highlight=770,2688,57,66&page=4;;※ qui
.i.;file:Zaborowski_Polona.djvu?djvuopts=&highlight=1541,2679,50,68&page=4;; ※ id est
dñs;file:Zaborowski_Polona.djvu?djvuopts=&highlight=1602,2679,78,79&page=4;;※ dominus
.i.;file:Zaborowski_Polona.djvu?djvuopts=&highlight=1755,2672,63,61&page=4;; ※ id est
huiꝰ;file:Zaborowski_Polona.djvu?djvuopts=&highlight=730,2635,118,71&page=4;;※ huius
&;file:Zaborowski_Polona.djvu?djvuopts=&highlight=493,2572,59,77&page=4;; ※ et
ſignificatũ;file:Zaborowski_Polona.djvu?djvuopts=&highlight=555,2576,243,68&page=4;;※ significatum
dic‍tionũ;file:Zaborowski_Polona.djvu?djvuopts=&highlight=816,2567,189,75&page=4;;※ dictionum
exm̃;file:Zaborowski_Polona.djvu?djvuopts=&highlight=1391,2554,114,79&page=4;;※ exemplum
erũt;file:Zaborowski_Polona.djvu?djvuopts=&highlight=632,2458,113,71&page=4;;※ erunt
dic‍tiões;file:Zaborowski_Polona.djvu?djvuopts=&highlight=832,2449,173,82&page=4;;※ dictiones
quę;file:Zaborowski_Polona.djvu?djvuopts=&highlight=1218,2381,96,75&page=4; Urbańczyk:que?;※ quae
dicit᷑;file:Zaborowski_Polona.djvu?djvuopts=&highlight=1432,2381,100,73&page=4;;※ dicitur
tribulũ;file:Zaborowski_Polona.djvu?djvuopts=&highlight=1532,2379,173,61&page=4;;※ tribulum
ſcribat᷑;file:Zaborowski_Polona.djvu?djvuopts=&highlight=870,2336,150,84&page=4;;※ scribatur
ꝑ;file:Zaborowski_Polona.djvu?djvuopts=&highlight=1002,2322,71,73&page=4;;※ per
cũ;file:Zaborowski_Polona.djvu?djvuopts=&highlight=1093,2338,68,59&page=4;;※ cum
pũo;file:Zaborowski_Polona.djvu?djvuopts=&highlight=1148,2333,138,66&page=4;;※ puncto
dicit᷑;file:Zaborowski_Polona.djvu?djvuopts=&highlight=1489,2315,95,84&page=4;;※ dicitur
idẽ;file:Zaborowski_Polona.djvu?djvuopts=&highlight=1098,2272,70,77&page=4;;※ idem
q;file:Zaborowski_Polona.djvu?djvuopts=&highlight=1175,2267,91,87&page=4;;※ quod
durũ;file:Zaborowski_Polona.djvu?djvuopts=&highlight=811,2224,119,68&page=4;;※ durum
&;file:Zaborowski_Polona.djvu?djvuopts=&highlight=925,2217,61,64&page=4;; ※ et
ſufficiũt;file:Zaborowski_Polona.djvu?djvuopts=&highlight=1348,2147,197,77&page=4;;※ sufficiunt
reducunt᷑;file:Zaborowski_Polona.djvu?djvuopts=&highlight=1014,2106,204,57&page=4;;※ reducuntur
ꝓprio;file:Zaborowski_Polona.djvu?djvuopts=&highlight=859,2031,155,80&page=4;;※ proprio
cũ;file:Zaborowski_Polona.djvu?djvuopts=&highlight=780,1992,56,69&page=4;;※ cum
cõſillabicũ;file:Zaborowski_Polona.djvu?djvuopts=&highlight=1082,1972,254,77&page=4;;※ consilabicum
&;file:Zaborowski_Polona.djvu?djvuopts=&highlight=1664,1967,66,78&page=4;; ※ et
eiꝰ;file:Zaborowski_Polona.djvu?djvuopts=&highlight=1730,1972,77,61&page=4;;※ eius
ſonũ;file:Zaborowski_Polona.djvu?djvuopts=&highlight=402,1933,143,62&page=4;;※ sonum
dic‍tiõibus;file:Zaborowski_Polona.djvu?djvuopts=&highlight=720,1927,232,56&page=4;;※ dictionibus
ꝟo;file:Zaborowski_Polona.djvu?djvuopts=&highlight=936,1927,71,59&page=4;;※ vero
nũ̃;file:Zaborowski_Polona.djvu?djvuopts=&highlight=1441,1908,114,66&page=4;;※ nunquam
ponit᷑;file:Zaborowski_Polona.djvu?djvuopts=&highlight=766,1863,141,68&page=4;;※ ponitur
q;file:Zaborowski_Polona.djvu?djvuopts=&highlight=1145,1845,78,84&page=4;;※ quod
dr̃;file:Zaborowski_Polona.djvu?djvuopts=&highlight=1466,1852,75,72&page=4;;※ dicitur
.i.;file:Zaborowski_Polona.djvu?djvuopts=&highlight=1620,1845,75,50&page=4;; ※ id est
.i.;file:Zaborowski_Polona.djvu?djvuopts=&highlight=489,1813,70,57&page=4;; ※ id est
&;file:Zaborowski_Polona.djvu?djvuopts=&highlight=668,1813,89,55&page=4;; ※ et
hmõi;file:Zaborowski_Polona.djvu?djvuopts=&highlight=732,1802,150,75&page=4;;※ huiusmodi
ꝑ;file:Zaborowski_Polona.djvu?djvuopts=&highlight=1282,1783,54,80&page=4;;※ per
&;file:Zaborowski_Polona.djvu?djvuopts=&highlight=1364,1793,47,75&page=4;; ※ et
ꝑ;file:Zaborowski_Polona.djvu?djvuopts=&highlight=1498,1777,68,88&page=4;; ※ per
dñt;file:Zaborowski_Polona.djvu?djvuopts=&highlight=1684,1788,125,77&page=4;;※ debent
verũ;file:Zaborowski_Polona.djvu?djvuopts=&highlight=432,1752,120,61&page=4;;※ verum
cũ;file:Zaborowski_Polona.djvu?djvuopts=&highlight=577,1745,82,68&page=4;;※ cum
poſitũ;file:Zaborowski_Polona.djvu?djvuopts=&highlight=695,1736,150,77&page=4;;※ positum
aſpiratiõem;file:Zaborowski_Polona.djvu?djvuopts=&highlight=1377,1731,271,68&page=4;;※ aspirationem
.i.;file:Zaborowski_Polona.djvu?djvuopts=&highlight=607,1693,52,70&page=4;; ※ id est
aũt;file:Zaborowski_Polona.djvu?djvuopts=&highlight=802,1690,89,55&page=4;;※ autem
nõ;file:Zaborowski_Polona.djvu?djvuopts=&highlight=1007,1683,84,73&page=4;;※ non
ponat᷑;file:Zaborowski_Polona.djvu?djvuopts=&highlight=1073,1674,154,78&page=4;;※ ponatur
videat᷑;file:Zaborowski_Polona.djvu?djvuopts=&highlight=1289,1674,170,82&page=4;;※ videatur
.i.;file:Zaborowski_Polona.djvu?djvuopts=&highlight=795,1622,60,66&page=4;; ※ id est
.i.;file:Zaborowski_Polona.djvu?djvuopts=&highlight=1111,1620,73,61&page=4;; ※ id est
tꝑus;file:Zaborowski_Polona.djvu?djvuopts=&highlight=1493,1606,89,68&page=4;;※ tempus
.i.;file:Zaborowski_Polona.djvu?djvuopts=&highlight=420,1572,50,59&page=4;; ※ id est
&;file:Zaborowski_Polona.djvu?djvuopts=&highlight=652,1559,59,72&page=4;; ※ et
ſiꝉibns;file:Zaborowski_Polona.djvu?djvuopts=&highlight=711,1572,141,68&page=4; sic! ſiꝉibus;※ similibus
verũ;file:Zaborowski_Polona.djvu?djvuopts=&highlight=1343,1559,127,56&page=4;;※ verum
vulgaribꝰ;file:Zaborowski_Polona.djvu?djvuopts=&highlight=1584,1556,214,66&page=4;;※ vulgaribus
&;file:Zaborowski_Polona.djvu?djvuopts=&highlight=405,1522,75,57&page=4;; ※ et
ſimilibus;file:Zaborowski_Polona.djvu?djvuopts=&highlight=461,1518,219,68&page=4;;※ similibus
&;file:Zaborowski_Polona.djvu?djvuopts=&highlight=986,1509,62,70&page=4;; ※ et
durũ;file:Zaborowski_Polona.djvu?djvuopts=&highlight=1211,1502,130,57&page=4;;※ durum
aliarũ;file:Zaborowski_Polona.djvu?djvuopts=&highlight=1582,1490,132,75&page=4;;※ aliarum
durarũ;file:Zaborowski_Polona.djvu?djvuopts=&highlight=1714,1497,91,59&&highlight=439,1452,77,54page=4;;※ durarum
litterarũ;file:Zaborowski_Polona.djvu?djvuopts=&highlight=511,1449,205,69&page=4;;※ litterarum
põt;file:Zaborowski_Polona.djvu?djvuopts=&highlight=707,1440,88,75&page=4;;※ potest
q;file:Zaborowski_Polona.djvu?djvuopts=&highlight=418,1381,82,82&page=4;;※ quod
ꝟo;file:Zaborowski_Polona.djvu?djvuopts=&highlight=939,1390,70,62&page=4;;※ vero
.i.;file:Zaborowski_Polona.djvu?djvuopts=&highlight=1323,1381,68,66&page=4;; ※ id est
teloneũ;file:Zaborowski_Polona.djvu?djvuopts=&highlight=1368,1381,189,50&page=4;;※ teloneum
.i.;file:Zaborowski_Polona.djvu?djvuopts=&highlight=1657,1375,70,59&page=4;; ※ id est
.i.;file:Zaborowski_Polona.djvu?djvuopts=&highlight=680,1331,59,59&page=4;; ※ id est
.i.;file:Zaborowski_Polona.djvu?djvuopts=&highlight=945,1315,57,80&page=4;; ※ id est
alienũ;file:Zaborowski_Polona.djvu?djvuopts=&highlight=982,1329,154,59&page=4;;※ alienum
ꝓ;file:Zaborowski_Polona.djvu?djvuopts=&highlight=1257,1313,50,64&page=4;;※ pro
&;file:Zaborowski_Polona.djvu?djvuopts=&highlight=573,1270,45,73&page=4;; ※ et
ſiꝉibus;file:Zaborowski_Polona.djvu?djvuopts=&highlight=625,1279,155,64&page=4;;※ similibus
nõ;file:Zaborowski_Polona.djvu?djvuopts=&highlight=943,1263,68,77&page=4;;※ non
pũc‍to;file:Zaborowski_Polona.djvu?djvuopts=&highlight=1491,1243,134,82&page=4;;※ puncto
ꝗa;file:Zaborowski_Polona.djvu?djvuopts=&highlight=418,1202,73,70&page=4;;※ quia
ponit᷑;file:Zaborowski_Polona.djvu?djvuopts=&highlight=555,1213,134,64&page=4;;※ ponitur
ꝓpria;file:Zaborowski_Polona.djvu?djvuopts=&highlight=820,1197,132,68&page=4;;※ propria
ſignificatiõe;file:Zaborowski_Polona.djvu?djvuopts=&highlight=941,1204,291,73&page=4;;※ significatione
aliũ;file:Zaborowski_Polona.djvu?djvuopts=&highlight=1448,1197,111,66&page=4;;※ alium
ſonũ;file:Zaborowski_Polona.djvu?djvuopts=&highlight=1680,1200,115,70&page=4;;※ sonum
ꝗ;file:Zaborowski_Polona.djvu?djvuopts=&highlight=395,1147,71,62&page=4;;※ qui
dicit᷑;file:Zaborowski_Polona.djvu?djvuopts=&highlight=605,1163,104,55&page=4;;※ dicitur
ꝑ;file:Zaborowski_Polona.djvu?djvuopts=&highlight=1034,1134,50,72&page=4;;※ per
ſequẽte;file:Zaborowski_Polona.djvu?djvuopts=&highlight=1109,1136,177,75&page=4;;※ sequente
gręco;file:Zaborowski_Polona.djvu?djvuopts=&highlight=1316,1145,139,55&page=4;; ※ graeco
.i.;file:Zaborowski_Polona.djvu?djvuopts=&highlight=580,1095,56,73&page=4;; ※ id est
.i.;file:Zaborowski_Polona.djvu?djvuopts=&highlight=966,1091,57,61&page=4;; ※ id est
templũ;file:Zaborowski_Polona.djvu?djvuopts=&highlight=1005,1081,177,73&page=4;;※ templum
.i.;file:Zaborowski_Polona.djvu?djvuopts=&highlight=1361,1088,53,57&page=4;; ※ id est
&;file:Zaborowski_Polona.djvu?djvuopts=&highlight=1598,1063,50,82&page=4;; ※ et
põt;file:Zaborowski_Polona.djvu?djvuopts=&highlight=1211,1022,82,71&page=4;;※ potest
duobꝰ;file:Zaborowski_Polona.djvu?djvuopts=&highlight=1573,1025,134,61&page=4;;※ duobus
pũc‍tis;file:Zaborowski_Polona.djvu?djvuopts=&highlight=482,975,145,72&page=4;;※ punctis
ſcribat᷑;file:Zaborowski_Polona.djvu?djvuopts=&highlight=1173,966,161,77&page=4;;※ scribatur
cũ;file:Zaborowski_Polona.djvu?djvuopts=&highlight=1423,961,61,68&page=4;;※ cum
gręco;file:Zaborowski_Polona.djvu?djvuopts=&highlight=1507,966,134,59&page=4;; ※ graeco
vtrũ;file:Zaborowski_Polona.djvu?djvuopts=&highlight=1645,954,153,66&page=4;;※ vtrumque
primũ;file:Zaborowski_Polona.djvu?djvuopts=&highlight=698,909,145,77&page=4;;※ primum
dionẽ;file:Zaborowski_Polona.djvu?djvuopts=&highlight=1334,902,175,75&page=4;;※ dictionem
Polonicã;file:Zaborowski_Polona.djvu?djvuopts=&highlight=1509,893,207,70&page=4;;※ polonicam
habentẽ;file:Zaborowski_Polona.djvu?djvuopts=&highlight=1693,900,130,56&highlight=395,859,160,66&page=4;;※ habentem
ſequẽte;file:Zaborowski_Polona.djvu?djvuopts=&highlight=570,861,198,73&page=4;;※ sequente
cõtingat;file:Zaborowski_Polona.djvu?djvuopts=&highlight=1173,838,191,80&page=4;;※ contingat
ſępenũero;file:Zaborowski_Polona.djvu?djvuopts=&highlight=559,795,252,80&page=4;8+2 Urbańczyk: sępenumero;※ saepenumero
ꝓprĳs;file:Zaborowski_Polona.djvu?djvuopts=&highlight=993,788,155,55&page=4;;※ propriis
noĩbus;file:Zaborowski_Polona.djvu?djvuopts=&highlight=1136,788,171,64&page=4;;※ nominibus
tũc;file:Zaborowski_Polona.djvu?djvuopts=&highlight=1336,786,59,68&page=4;;※ tunc
neceſſariũ;file:Zaborowski_Polona.djvu?djvuopts=&highlight=1398,786,225,64&page=4;;※ necessarium
&c.;file:Zaborowski_Polona.djvu?djvuopts=&highlight=1327,722,109,75&page=4;;※ etc.
idẽ;file:Zaborowski_Polona.djvu?djvuopts=&highlight=1416,725,98,75&page=4;;※ item
5;file:Zaborowski_Polona.djvu?djvuopts=&highlight=527,2679,168,72&page=5;;※ strony B
quacũ;file:Zaborowski_Polona.djvu?djvuopts=&highlight=527,2679,168,72&page=5;;※ quacumque
ponat᷑;file:Zaborowski_Polona.djvu?djvuopts=&highlight=868,2665,157,77&page=5;;※ ponatur
aũt;file:Zaborowski_Polona.djvu?djvuopts=&highlight=1152,2674,98,68&page=5;;※ autem
quemadmodſu;file:Zaborowski_Polona.djvu?djvuopts=&highlight=1191,2599,309,75&page=5;;※ quemadmodum
&;file:Zaborowski_Polona.djvu?djvuopts=&highlight=1491,2606,102,68&page=5;; ※ et
vnũ;file:Zaborowski_Polona.djvu?djvuopts=&highlight=1007,2492,98,66&page=5;;※ vnum
ꝓpriũ;file:Zaborowski_Polona.djvu?djvuopts=&highlight=1105,2488,152,66&page=5;;※ proprium
tã;file:Zaborowski_Polona.djvu?djvuopts=&highlight=1245,2497,64,52&page=5;;※ tam
̃;file:Zaborowski_Polona.djvu?djvuopts=&highlight=1409,2474,86,77&page=5;;※ quam
dic‍tiõibus;file:Zaborowski_Polona.djvu?djvuopts=&highlight=350,2445,239,63&page=5;;※ dictionibus
cõem;file:Zaborowski_Polona.djvu?djvuopts=&highlight=584,2445,141,63&page=5;;※ communem
alteꝶ;file:Zaborowski_Polona.djvu?djvuopts=&highlight=727,2445,125,61&page=5;;※ alterum
impropriũ;file:Zaborowski_Polona.djvu?djvuopts=&highlight=855,2435,250,62&page=5;;※ improprium
ꝗ;file:Zaborowski_Polona.djvu?djvuopts=&highlight=1102,2422,53,70&page=5;;※ qui
tm̃;file:Zaborowski_Polona.djvu?djvuopts=&highlight=1136,2440,82,55&page=5;;※ tantum
dic‍tiõibꝰ;file:Zaborowski_Polona.djvu?djvuopts=&highlight=357,2379,207,75&page=5;;※ dictionibus
&;file:Zaborowski_Polona.djvu?djvuopts=&highlight=559,2381,66,64&page=5;; ※ et
mollẽ;file:Zaborowski_Polona.djvu?djvuopts=&highlight=720,2390,148,50&page=5;;※ mollem
&;file:Zaborowski_Polona.djvu?djvuopts=&highlight=841,2381,79,68&page=5;; ※ et
durũ;file:Zaborowski_Polona.djvu?djvuopts=&highlight=909,2383,118,62&page=5;;※ durum
partit᷑;file:Zaborowski_Polona.djvu?djvuopts=&highlight=1020,2379,144,59&page=5;;※ partitur
quẽ;file:Zaborowski_Polona.djvu?djvuopts=&highlight=1395,2372,87,59&page=5;;※ quem
.i.;file:Zaborowski_Polona.djvu?djvuopts=&highlight=1136,2326,53,55&page=5;; ※ id est
.i.;file:Zaborowski_Polona.djvu?djvuopts=&highlight=1423,2313,47,59&page=5;; ※ id est
&;file:Zaborowski_Polona.djvu?djvuopts=&highlight=475,2258,55,68&page=5;; ※ et
ſiꝉibus;file:Zaborowski_Polona.djvu?djvuopts=&highlight=527,2267,143,62&page=5;;※ similibus
Quidã;file:Zaborowski_Polona.djvu?djvuopts=&highlight=686,2258,166,59&page=5;;※ Quidam
ꝟo;file:Zaborowski_Polona.djvu?djvuopts=&highlight=830,2254,90,72&page=5;;※ vero
talẽ;file:Zaborowski_Polona.djvu?djvuopts=&highlight=1095,2254,105,68&page=5;;※ talem
ſonũ;file:Zaborowski_Polona.djvu?djvuopts=&highlight=1202,2265,109,55&page=5;;※ sonum
ſuꝑaddito;file:Zaborowski_Polona.djvu?djvuopts=&highlight=930,2195,231,81&page=5;;※ superaddito
vñ;file:Zaborowski_Polona.djvu?djvuopts=&highlight=1280,2199,88,57&page=5;;※ vnde
&;file:Zaborowski_Polona.djvu?djvuopts=&highlight=302,2149,62,55&page=5;; ※ et
ſiꝉia;file:Zaborowski_Polona.djvu?djvuopts=&highlight=350,2149,109,64&page=5;;※ similia
ſcm;file:Zaborowski_Polona.djvu?djvuopts=&highlight=448,2133,122,89&page=5;;※ secundum
ſcribant᷑;file:Zaborowski_Polona.djvu?djvuopts=&highlight=177,2092,203,50&page=5;;※ scribantur
ꝑ;file:Zaborowski_Polona.djvu?djvuopts=&highlight=459,2072,46,77&page=5;; ※ per
tñ;file:Zaborowski_Polona.djvu?djvuopts=&highlight=859,2083,55,68&page=5;;※ tamen
tanꝗ̃;file:Zaborowski_Polona.djvu?djvuopts=&highlight=177,2017,123,78&page=5;;※ tamquam
aũt;file:Zaborowski_Polona.djvu?djvuopts=&highlight=573,2027,68,65&page=5;;※ autem
ſonꝰ;file:Zaborowski_Polona.djvu?djvuopts=&highlight=652,2024,109,71&page=5;;※ sonus
gręco;file:Zaborowski_Polona.djvu?djvuopts=&highlight=1295,2013,155,70&page=5;Urbańczyk: ę; ※ greaco
põt;file:Zaborowski_Polona.djvu?djvuopts=&highlight=1057,1961,79,81&page=5;;※ potest
ꝑ;file:Zaborowski_Polona.djvu?djvuopts=&highlight=1116,1947,64,75&page=5;;※ per
punis;file:Zaborowski_Polona.djvu?djvuopts=&highlight=1389,1947,184,68&page=5;;※ punctis
litterarũ;file:Zaborowski_Polona.djvu?djvuopts=&highlight=482,1915,200,68&page=5;;※ litterarum
ſignatũ;file:Zaborowski_Polona.djvu?djvuopts=&highlight=875,1904,166,75&page=5;;※ signatum
quẽ;file:Zaborowski_Polona.djvu?djvuopts=&highlight=655,1847,106,64&page=5;;※ quem
cũ;file:Zaborowski_Polona.djvu?djvuopts=&highlight=739,1854,86,63&page=5;;※ cum
cõſyllabicũ;file:Zaborowski_Polona.djvu?djvuopts=&highlight=1075,1845,243,63&page=5;;※ consyllabicum
dic‍tiõibus;file:Zaborowski_Polona.djvu?djvuopts=&highlight=1505,1838,102,70&highlight=184,1795,189,63&page=5;;※ dictionibus
ditiõibus;file:Zaborowski_Polona.djvu?djvuopts=&highlight=832,1790,229,78&page=5;; ※ dictionibus
i.;file:Zaborowski_Polona.djvu?djvuopts=&highlight=311,1727,71,75&page=5;; ※ id est
i.;file:Zaborowski_Polona.djvu?djvuopts=&highlight=641,1738,66,57&page=5;; ※ id est
deũ.;file:Zaborowski_Polona.djvu?djvuopts=&highlight=698,1729,95,68&page=5;;※ deum
i.;file:Zaborowski_Polona.djvu?djvuopts=&highlight=936,1729,59,61&page=5;; ※ id est
cũ;file:Zaborowski_Polona.djvu?djvuopts=&highlight=970,1729,75,68&page=5;;※ cum
.i.;file:Zaborowski_Polona.djvu?djvuopts=&highlight=1250,1727,55,56&page=5;;※ id est
.i.;file:Zaborowski_Polona.djvu?djvuopts=&highlight=182,1677,54,59&page=5;; ※ id est
gũno.;file:Zaborowski_Polona.djvu?djvuopts=&highlight=327,1670,121,68&page=5;;※ gumno
i.;file:Zaborowski_Polona.djvu?djvuopts=&highlight=441,1683,52,48&page=5;; ※ id est
horreũ;file:Zaborowski_Polona.djvu?djvuopts=&highlight=486,1674,162,69&page=5;;※ horreum
i.;file:Zaborowski_Polona.djvu?djvuopts=&highlight=750,1672,73,61&page=5;; ※ id est
aũt;file:Zaborowski_Polona.djvu?djvuopts=&highlight=1109,1665,91,64&page=5;;※ autem
ꝗbus;file:Zaborowski_Polona.djvu?djvuopts=&highlight=395,1606,119,71&page=5;;※ quibus
cũ;file:Zaborowski_Polona.djvu?djvuopts=&highlight=532,1613,77,73&page=5;;※ cum
cõſyllabicũ;file:Zaborowski_Polona.djvu?djvuopts=&highlight=716,1613,254,64&page=5;;※ consillabicum
cõfone;file:Zaborowski_Polona.djvu?djvuopts=&highlight=1059,1604,155,79&page=5;;※ consone
ponit᷑;file:Zaborowski_Polona.djvu?djvuopts=&highlight=1239,1602,134,63&page=5;;※ ponitur
genꝰ;file:Zaborowski_Polona.djvu?djvuopts=&highlight=1441,1602,145,66&page=5;;※ genus
gimnaſiũ.;file:Zaborowski_Polona.djvu?djvuopts=&highlight=175,1540,227,75&page=5;;※ gimnasium
&c̈.;file:Zaborowski_Polona.djvu?djvuopts=&highlight=391,1559,100,63&page=5;;※ etc.
tñ;file:Zaborowski_Polona.djvu?djvuopts=&highlight=550,1552,86,70&page=5;;※ tamen
nõ;file:Zaborowski_Polona.djvu?djvuopts=&highlight=620,1561,75,68&page=5;;※ non
ſemꝑ.;file:Zaborowski_Polona.djvu?djvuopts=&highlight=695,1545,123,79&page=5;;※ semper
ieiuniũ.;file:Zaborowski_Polona.djvu?djvuopts=&highlight=920,1552,166,68&page=5;;※ ieiunium
&c̈.;file:Zaborowski_Polona.djvu?djvuopts=&highlight=1332,1540,100,71&page=5;; ※ etc.
ꝑ;file:Zaborowski_Polona.djvu?djvuopts=&highlight=1518,1534,68,63&page=5;;※ per
ꝑ;file:Zaborowski_Polona.djvu?djvuopts=&highlight=298,1484,52,72&page=5;;※ per
cõſonam;file:Zaborowski_Polona.djvu?djvuopts=&highlight=350,1486,209,77&page=5;;※ consonam
ſcribunt᷑.;file:Zaborowski_Polona.djvu?djvuopts=&highlight=550,1481,198,75&page=5;;※ scribuntur
qñ;file:Zaborowski_Polona.djvu?djvuopts=&highlight=755,1495,97,68&page=5;;※ quando
aũt;file:Zaborowski_Polona.djvu?djvuopts=&highlight=857,1493,77,61&page=5;;※ autem
cõſone;file:Zaborowski_Polona.djvu?djvuopts=&highlight=1093,1484,155,79&page=5;;※ consone
regulã;file:Zaborowski_Polona.djvu?djvuopts=&highlight=425,1436,164,66&page=5;;※ regulam
nõ;file:Zaborowski_Polona.djvu?djvuopts=&highlight=570,1438,75,61&page=5;; ※ non
hñt;file:Zaborowski_Polona.djvu?djvuopts=&highlight=641,1438,95,64&page=5;; ※ habent
legentiũ;file:Zaborowski_Polona.djvu?djvuopts=&highlight=814,1434,200,68&page=5;;※ legentium
diſcretiõi;file:Zaborowski_Polona.djvu?djvuopts=&highlight=1009,1429,209,75&page=5;;※ discretioni
relinquũt;file:Zaborowski_Polona.djvu?djvuopts=&highlight=1223,1418,204,81&page=5;sic;※ relinquunt
cũ;file:Zaborowski_Polona.djvu?djvuopts=&highlight=295,1375,75,61&page=5;;※ cum
conſyllabicũ;file:Zaborowski_Polona.djvu?djvuopts=&highlight=489,1384,270,54&page=5;;※ consillabicum
nun̃;file:Zaborowski_Polona.djvu?djvuopts=&highlight=759,1372,141,73&page=5;;※ nunquam
fignificatiõe;file:Zaborowski_Polona.djvu?djvuopts=&highlight=1186,1368,264,75&page=5;;※ significatione
quę;file:Zaborowski_Polona.djvu?djvuopts=&highlight=1455,1368,109,54&page=5; Urbańczyk:que?;※ quae
cõﬀima;file:Zaborowski_Polona.djvu?djvuopts=&highlight=577,1320,184,61&page=5;;※ communissima
qñ;file:Zaborowski_Polona.djvu?djvuopts=&highlight=845,1322,80,66&page=5;;※ quando
cõſona;file:Zaborowski_Polona.djvu?djvuopts=&highlight=1059,1318,184,47&page=5;;※ consona
igit᷑;file:Zaborowski_Polona.djvu?djvuopts=&highlight=270,1256,75,62&page=5;;※ igitur
vulgariũ;file:Zaborowski_Polona.djvu?djvuopts=&highlight=359,1261,180,61&page=5;;※ vulgarium
cõfuſio;file:Zaborowski_Polona.djvu?djvuopts=&highlight=623,1254,168,68&page=5;;※ confusio
dic‍tionũ;file:Zaborowski_Polona.djvu?djvuopts=&highlight=775,1261,209,48&page=5;;※ dictionum
eiſdẽ;file:Zaborowski_Polona.djvu?djvuopts=&highlight=1048,1245,125,73&page=5;;※ eisdem
ponat᷑;file:Zaborowski_Polona.djvu?djvuopts=&highlight=1164,1247,154,75&page=5;;※ ponatur
&;file:Zaborowski_Polona.djvu?djvuopts=&highlight=166,1206,86,62&page=5;; ※ et
.i;file:Zaborowski_Polona.djvu?djvuopts=&highlight=548,1200,45,61&page=5;;※ id est
.i.;file:Zaborowski_Polona.djvu?djvuopts=&highlight=818,1200,50,59&page=5;; ※ id est
.i.;file:Zaborowski_Polona.djvu?djvuopts=&highlight=1027,1190,62,78&page=5;; ※ id est
.i.;file:Zaborowski_Polona.djvu?djvuopts=&highlight=1268,1193,57,61&page=5;; ※ id est
&c̈.;file:Zaborowski_Polona.djvu?djvuopts=&highlight=1377,1195,80,66&page=5;; ※ etc.
hęc;file:Zaborowski_Polona.djvu?djvuopts=&highlight=1470,1193,85,61&page=5;sic? ;※ haec
ꝟo;file:Zaborowski_Polona.djvu?djvuopts=&highlight=164,1134,100,63&page=5;;※ vero
.i.;file:Zaborowski_Polona.djvu?djvuopts=&highlight=573,1145,47,59&page=5;; ※ id est
.i.;file:Zaborowski_Polona.djvu?djvuopts=&highlight=948,1127,59,79&page=5;; ※ id est
.i.;file:Zaborowski_Polona.djvu?djvuopts=&highlight=1243,1129,64,68&page=5;; ※ id est
auſ‍terꝰ;file:Zaborowski_Polona.djvu?djvuopts=&highlight=1293,1138,162,50&page=5;;※ austerus
.i.;file:Zaborowski_Polona.djvu?djvuopts=&highlight=225,1086,66,59&page=5;; ※ id est
&;file:Zaborowski_Polona.djvu?djvuopts=&highlight=341,1088,48,52&page=5;; ※ et
&;file:Zaborowski_Polona.djvu?djvuopts=&highlight=1357,1079,54,61&page=5;; ※ et
duplicẽ;file:Zaborowski_Polona.djvu?djvuopts=&highlight=1032,1020,184,64&page=5;;※ duplicem
ſonũ;file:Zaborowski_Polona.djvu?djvuopts=&highlight=1343,1027,116,54&page=5;;※ sonum
vnũ;file:Zaborowski_Polona.djvu?djvuopts=&highlight=1459,1016,114,63&page=5;;※ vnum
ꝓpriũ;file:Zaborowski_Polona.djvu?djvuopts=&highlight=189,970,131,57&page=5;;※ proprium
quẽ;file:Zaborowski_Polona.djvu?djvuopts=&highlight=330,963,90,59&page=5;;※ quem
dic‍tiõibꝰ;file:Zaborowski_Polona.djvu?djvuopts=&highlight=814,972,202,59&page=5;;※ dictionibus
ſimiꝉr;file:Zaborowski_Polona.djvu?djvuopts=&highlight=1105,956,131,69&page=5;;※ similiter
&c̈;file:Zaborowski_Polona.djvu?djvuopts=&highlight=1464,952,102,59&page=5;; ※ etc.
vulgaribꝰ;file:Zaborowski_Polona.djvu?djvuopts=&highlight=245,911,207,50&page=5;;※ vulgaribus
ꝟo;file:Zaborowski_Polona.djvu?djvuopts=&highlight=432,911,73,52&page=5;;※ vero
.i.;file:Zaborowski_Polona.djvu?djvuopts=&highlight=593,906,77,62&page=5;; ※ id est
.i.;file:Zaborowski_Polona.djvu?djvuopts=&highlight=964,906,50,50&page=5;; ※ id est
.i.;file:Zaborowski_Polona.djvu?djvuopts=&highlight=1225,902,59,52&page=5;; ※ id est
ſoIiũ;file:Zaborowski_Polona.djvu?djvuopts=&highlight=1275,902,111,54&page=5;;※ folium
vł';file:Zaborowski_Polona.djvu?djvuopts=&highlight=1389,891,45,81&page=5;;※ vel
epł'a.;file:Zaborowski_Polona.djvu?djvuopts=&highlight=1443,902,87,59&page=5;!!!;※ epistula
.i.;file:Zaborowski_Polona.djvu?djvuopts=&highlight=259,859,55,45&page=5;; ※ id est
.i.;file:Zaborowski_Polona.djvu?djvuopts=&highlight=486,863,34,41&page=5;; ※ id est
ꝑcute;file:Zaborowski_Polona.djvu?djvuopts=&highlight=518,838,130,66&page=5;;※ percute
&;file:Zaborowski_Polona.djvu?djvuopts=&highlight=657,854,54,59&page=5;; ※ et
&;file:Zaborowski_Polona.djvu?djvuopts=&highlight=911,845,73,68&page=5;; ※ et
ꝓprius;file:Zaborowski_Polona.djvu?djvuopts=&highlight=1239,836,163,61&page=5;;※ proprius
&;file:Zaborowski_Polona.djvu?djvuopts=&highlight=1482,845,93,71&page=5;; ※ et
Alterũ;file:Zaborowski_Polona.djvu?djvuopts=&highlight=427,800,141,63&page=5;;※ Alterum
aũt;file:Zaborowski_Polona.djvu?djvuopts=&highlight=582,802,66,48&page=5;;※ autem
ſonũ;file:Zaborowski_Polona.djvu?djvuopts=&highlight=641,779,127,75&page=5;;※ sonum
durũ;file:Zaborowski_Polona.djvu?djvuopts=&highlight=898,788,116,57&page=5;;※ durum
ꝗ;file:Zaborowski_Polona.djvu?djvuopts=&highlight=1016,775,45,59&page=5;;※ qui
nun̃;file:Zaborowski_Polona.djvu?djvuopts=&highlight=1059,777,159,66&page=5;;※ nunquam
inuenit᷑;file:Zaborowski_Polona.djvu?djvuopts=&highlight=1375,788,180,64&page=5;;※ inuenitur
.i.;file:Zaborowski_Polona.djvu?djvuopts=&highlight=1159,718,73,66&page=5;; ※ id est
6;file:Zaborowski_Polona.djvu?djvuopts=&highlight=411,2665,69,66&page=6;; ※ strony B
.i.;file:Zaborowski_Polona.djvu?djvuopts=&highlight=411,2665,69,66&page=6;; ※ id est
.i.;file:Zaborowski_Polona.djvu?djvuopts=&highlight=709,2676,71,57&page=6;; ※ id est
.i.;file:Zaborowski_Polona.djvu?djvuopts=&highlight=970,2674,66,61&page=6;; ※ id est
.i.;file:Zaborowski_Polona.djvu?djvuopts=&highlight=1173,2674,59,52&page=6;; ※ id est
incoIatꝰ;file:Zaborowski_Polona.djvu?djvuopts=&highlight=1216,2672,175,68&page=6;;※ incolatus
i.;file:Zaborowski_Polona.djvu?djvuopts=&highlight=1498,2665,63,61&page=6;; ※ id est
.i.;file:Zaborowski_Polona.djvu?djvuopts=&highlight=418,2613,64,52&page=6;; ※ id est
ꝗbus;file:Zaborowski_Polona.djvu?djvuopts=&highlight=614,2592,143,80&page=6;;※ quibus
vulgaribꝰ;file:Zaborowski_Polona.djvu?djvuopts=&highlight=902,2608,207,61&page=6;;※ vulgaribus
etiã;file:Zaborowski_Polona.djvu?djvuopts=&highlight=1105,2613,106,50&page=6;;※ etiam
accipit᷑;file:Zaborowski_Polona.djvu?djvuopts=&highlight=1459,2613,146,52&page=6;;※ accipitur
&;file:Zaborowski_Polona.djvu?djvuopts=&highlight=1609,2610,64,53&page=6;; ※ et
&;file:Zaborowski_Polona.djvu?djvuopts=&highlight=795,2565,64,50&page=6;; ※ et
&;file:Zaborowski_Polona.djvu?djvuopts=&highlight=800,2433,61,71&page=6;; ※ et
ſignetᷣ;file:Zaborowski_Polona.djvu?djvuopts=&highlight=1020,2435,153,64&page=6;;※ signetur
ſuꝑ;file:Zaborowski_Polona.djvu?djvuopts=&highlight=1520,2413,75,84&page=6;;※ super
hmõi;file:Zaborowski_Polona.djvu?djvuopts=&highlight=514,2379,154,56&page=6;;※ huiusmodi
aliarũ;file:Zaborowski_Polona.djvu?djvuopts=&highlight=1100,2372,116,70&page=6;;※ aliarum
durarũ;file:Zaborowski_Polona.djvu?djvuopts=&highlight=1214,2374,163,59&page=6;;※ durarum
litterarũ;file:Zaborowski_Polona.djvu?djvuopts=&highlight=1368,2376,198,66&page=6;;※ literarum
hmõi;file:Zaborowski_Polona.djvu?djvuopts=&highlight=957,2329,113,52&page=6;;※ huiusmodi
quę;file:Zaborowski_Polona.djvu?djvuopts=&highlight=1130,2308,104,73&page=6;; ※ que
aũt;file:Zaborowski_Polona.djvu?djvuopts=&highlight=1230,2313,86,57&page=6;;※ autem
diﬀerẽtia;file:Zaborowski_Polona.djvu?djvuopts=&highlight=1332,2315,186,61&page=6;;※ differentia
gręcum;file:Zaborowski_Polona.djvu?djvuopts=&highlight=1707,2308,88,62&highlight=416,2251,111,71&page=6;+1; ※ graecum
&;file:Zaborowski_Polona.djvu?djvuopts=&highlight=532,2261,48,68&page=6;; ※ et
latinũ;file:Zaborowski_Polona.djvu?djvuopts=&highlight=595,2261,155,70&page=6;;※ latinum
ſonũ;file:Zaborowski_Polona.djvu?djvuopts=&highlight=907,2261,111,72&page=6;;※ sonum
eodẽ;file:Zaborowski_Polona.djvu?djvuopts=&highlight=1452,2256,123,64&page=6;;※ eodem
em̃;file:Zaborowski_Polona.djvu?djvuopts=&highlight=1552,2261,96,61&page=6;;※ enim
mõ;file:Zaborowski_Polona.djvu?djvuopts=&highlight=1652,2251,64,73&page=6;;※ modo
diiõibꝰ;file:Zaborowski_Polona.djvu?djvuopts=&highlight=841,2192,195,82&page=6;;※ dictionibus
i.;file:Zaborowski_Polona.djvu?djvuopts=&highlight=1389,2195,61,66&page=6;; ※ id est
exm̃;file:Zaborowski_Polona.djvu?djvuopts=&highlight=566,2142,118,57&page=6;;※ exemplum
&c.;file:Zaborowski_Polona.djvu?djvuopts=&highlight=1148,2140,107,64&page=6;; ※ etc.
tñ;file:Zaborowski_Polona.djvu?djvuopts=&highlight=1432,2140,73,59&page=6;;※ tamen
differũt;file:Zaborowski_Polona.djvu?djvuopts=&highlight=1493,2140,184,64&page=6;;※ differunt
drñt;file:Zaborowski_Polona.djvu?djvuopts=&highlight=559,2079,109,66&page=6;;※ differunt
gręcũ;file:Zaborowski_Polona.djvu?djvuopts=&highlight=723,2077,120,65&page=6;+2 Urbańczyk: gręcum?;※ graecum
ꝗa;file:Zaborowski_Polona.djvu?djvuopts=&highlight=1011,2067,66,73&page=6;;※ quia
diiõe;file:Zaborowski_Polona.djvu?djvuopts=&highlight=1257,2083,150,48&page=6;;※ dictione
ponit᷑;file:Zaborowski_Polona.djvu?djvuopts=&highlight=1657,2077,118,68&page=6;;※ ponitur
tm̃;file:Zaborowski_Polona.djvu?djvuopts=&highlight=495,2033,82,30&page=6;;※ tamen
gręcis.;file:Zaborowski_Polona.djvu?djvuopts=&highlight=632,2017,132,66&page=6;+1; ※ gręcis
ſuꝑflua;file:Zaborowski_Polona.djvu?djvuopts=&highlight=1343,2017,171,82&page=6;;※ superflua
tñ;file:Zaborowski_Polona.djvu?djvuopts=&highlight=1639,2013,68,82&page=6;;※ tamen
quantũ;file:Zaborowski_Polona.djvu?djvuopts=&highlight=600,1961,148,77&page=6;;※ quantum
neceﬀaria:;file:Zaborowski_Polona.djvu?djvuopts=&highlight=1061,1963,232,66&page=6;;※ necessaria
quę;file:Zaborowski_Polona.djvu?djvuopts=&highlight=1298,1954,91,63&page=6;; ※ que
&;file:Zaborowski_Polona.djvu?djvuopts=&highlight=757,1915,59,64&page=6;; ※ et
ſequẽte;file:Zaborowski_Polona.djvu?djvuopts=&highlight=823,1888,182,77&page=6;;※ sequente
eadẽ;file:Zaborowski_Polona.djvu?djvuopts=&highlight=1186,1906,125,61&page=6;;※ eadem
.i.;file:Zaborowski_Polona.djvu?djvuopts=&highlight=1566,1906,50,50&page=6;; ※ id est
.i.;file:Zaborowski_Polona.djvu?djvuopts=&highlight=461,1858,41,50&page=6;; ※ id est
&;file:Zaborowski_Polona.djvu?djvuopts=&highlight=655,1845,79,36&page=6;; ※ et
hmõi;file:Zaborowski_Polona.djvu?djvuopts=&highlight=711,1852,148,45&page=6;;※ huiusmodi
quę;file:Zaborowski_Polona.djvu?djvuopts=&highlight=855,1838,93,77&page=6;; ※ que
tñ;file:Zaborowski_Polona.djvu?djvuopts=&highlight=936,1845,87,70&page=6;;※ tamen
&;file:Zaborowski_Polona.djvu?djvuopts=&highlight=1191,1843,68,74&page=6;; ※ et
ſiꝉia;file:Zaborowski_Polona.djvu?djvuopts=&highlight=1323,1849,97,59&page=6;;※ similia
pũis;file:Zaborowski_Polona.djvu?djvuopts=&highlight=768,1768,125,84&page=6;;※ punctis
ꝟo;file:Zaborowski_Polona.djvu?djvuopts=&highlight=1486,1786,91,66&page=6;;※ vero
diõibꝰ;file:Zaborowski_Polona.djvu?djvuopts=&highlight=877,1743,187,52&page=6;;※ dictionibus
&;file:Zaborowski_Polona.djvu?djvuopts=&highlight=1114,1745,63,52&page=6;; ※ et
quidã;file:Zaborowski_Polona.djvu?djvuopts=&highlight=689,1665,138,68&highlight=668,1677,155,59&page=6;@;※ quidam
tñ;file:Zaborowski_Polona.djvu?djvuopts=&highlight=814,1679,68,73&page=6;;※ tamen
vtunt᷑;file:Zaborowski_Polona.djvu?djvuopts=&highlight=939,1670,116,73&page=6;;※ vtuntur
quantũ;file:Zaborowski_Polona.djvu?djvuopts=&highlight=1118,1672,155,57&page=6;;※ quantum
diiõibus;file:Zaborowski_Polona.djvu?djvuopts=&highlight=1568,1668,227,68&page=6;;※ dictionibus
ſonũ;file:Zaborowski_Polona.djvu?djvuopts=&highlight=727,1609,139,59&page=6;;※ sonum
mollẽ;file:Zaborowski_Polona.djvu?djvuopts=&highlight=852,1620,141,50&page=6;;※ mollem
latinũ;file:Zaborowski_Polona.djvu?djvuopts=&highlight=1055,1615,150,68&page=6;;※ latinum
ꝟo;file:Zaborowski_Polona.djvu?djvuopts=&highlight=1414,1606,84,46&page=6;;※ vero
durũ;file:Zaborowski_Polona.djvu?djvuopts=&highlight=1495,1611,116,66&page=6;;※ durum
latinũ;file:Zaborowski_Polona.djvu?djvuopts=&highlight=445,1554,144,55&page=6;;※ latinum
ponũt;file:Zaborowski_Polona.djvu?djvuopts=&highlight=586,1554,141,57&page=6;;※ ponunt
q;file:Zaborowski_Polona.djvu?djvuopts=&highlight=730,1547,81,75&page=6;;※ quod
cõtra;file:Zaborowski_Polona.djvu?djvuopts=&highlight=864,1547,136,68&page=6;;※ contra
naturã;file:Zaborowski_Polona.djvu?djvuopts=&highlight=995,1556,160,55&page=6;;※ naturam
itẽ;file:Zaborowski_Polona.djvu?djvuopts=&highlight=1452,1540,80,80&page=6;;※ item
gręcũ;file:Zaborowski_Polona.djvu?djvuopts=&highlight=1543,1552,137,59&page=6;+2 Urbańczyk: gręcum;※ graecum
ne;file:Zaborowski_Polona.djvu?djvuopts=&highlight=1695,1545,107,66&page=6;;※ neque
ponat᷑;file:Zaborowski_Polona.djvu?djvuopts=&highlight=1498,1484,145,84&page=6;;※ ponatur
cũ;file:Zaborowski_Polona.djvu?djvuopts=&highlight=1734,1493,77,56&page=6;;※ cum
p̃cedẽti;file:Zaborowski_Polona.djvu?djvuopts=&highlight=405,1431,197,68&page=6;;※ precedenti
cõſillabicet᷑;file:Zaborowski_Polona.djvu?djvuopts=&highlight=732,1438,245,61&page=6;;※ consillabicetur
.i.;file:Zaborowski_Polona.djvu?djvuopts=&highlight=1134,1447,59,43&page=6;; ※ id est
i.;file:Zaborowski_Polona.djvu?djvuopts=&highlight=1414,1427,61,66&page=6;; ※ id est
&c̈;file:Zaborowski_Polona.djvu?djvuopts=&highlight=1693,1427,118,68&page=6;; ※ etc.
gręca;file:Zaborowski_Polona.djvu?djvuopts=&highlight=632,1370,132,75&page=6;+1; ※ graeca
vñ;file:Zaborowski_Polona.djvu?djvuopts=&highlight=911,1384,69,54&page=6;;※ vnde
latinũ;file:Zaborowski_Polona.djvu?djvuopts=&highlight=1234,1375,161,68&page=6;;※ latinum
&;file:Zaborowski_Polona.djvu?djvuopts=&highlight=1368,1375,66,54&page=6;; ※ et
gręcum;file:Zaborowski_Polona.djvu?djvuopts=&highlight=1482,1377,163,57&page=6;+1; ※ graecum
em̃;file:Zaborowski_Polona.djvu?djvuopts=&highlight=595,1318,87,72&page=6;;※ enim
latinũ;file:Zaborowski_Polona.djvu?djvuopts=&highlight=664,1325,147,68&page=6;;※ latinum
interdũ;file:Zaborowski_Polona.djvu?djvuopts=&highlight=895,1318,180,54&page=6;;※ interdum
ꝑ;file:Zaborowski_Polona.djvu?djvuopts=&highlight=1070,1313,55,68&page=6;;※ per
ſillabã;file:Zaborowski_Polona.djvu?djvuopts=&highlight=1157,1313,152,80&page=6;;※ sillabam
&;file:Zaborowski_Polona.djvu?djvuopts=&highlight=1732,1318,77,59&page=6;; ※ et
diiõibꝰ;file:Zaborowski_Polona.djvu?djvuopts=&highlight=650,1259,182,61&page=6;;※ dictionibus
i.;file:Zaborowski_Polona.djvu?djvuopts=&highlight=1109,1263,52,64&page=6;; ※ id est
.i.;file:Zaborowski_Polona.djvu?djvuopts=&highlight=1361,1263,48,41&page=6;; ※ id est
.i.;file:Zaborowski_Polona.djvu?djvuopts=&highlight=1543,1259,71,63&page=6;; ※ id est
ꝟo;file:Zaborowski_Polona.djvu?djvuopts=&highlight=1716,1252,66,70&page=6;;※ vero
gręcũ;file:Zaborowski_Polona.djvu?djvuopts=&highlight=425,1209,141,41&page=6;+2; ※ graecum
nõ;file:Zaborowski_Polona.djvu?djvuopts=&highlight=545,1204,82,52&page=6;;※ non
.i.;file:Zaborowski_Polona.djvu?djvuopts=&highlight=782,1195,50,64&page=6;; ※ id est
.i.;file:Zaborowski_Polona.djvu?djvuopts=&highlight=1039,1204,54,52&page=6;; ※ id est
.i.;file:Zaborowski_Polona.djvu?djvuopts=&highlight=1250,1190,66,66&page=6;; ※ id est
ꝑcute;file:Zaborowski_Polona.djvu?djvuopts=&highlight=1295,1190,132,73&page=6;;※ percute
itẽ;file:Zaborowski_Polona.djvu?djvuopts=&highlight=1427,1195,84,80&page=6;;※ item
latinũ;file:Zaborowski_Polona.djvu?djvuopts=&highlight=434,1136,148,79&page=6;;※ latinum
geminatũ;file:Zaborowski_Polona.djvu?djvuopts=&highlight=580,1138,218,59&page=6;;※ geminatum
&;file:Zaborowski_Polona.djvu?djvuopts=&highlight=786,1131,75,80&page=6;; ※ et
gręcũ;file:Zaborowski_Polona.djvu?djvuopts=&highlight=884,1145,139,55&page=6;+2 Urbańczyk: gręcum;※ graecum
em̃;file:Zaborowski_Polona.djvu?djvuopts=&highlight=1045,1147,98,53&page=6;;※ enim
latinũ;file:Zaborowski_Polona.djvu?djvuopts=&highlight=1134,1145,130,61&page=6;;※ latinum
geminatũ;file:Zaborowski_Polona.djvu?djvuopts=&highlight=1264,1134,218,72&page=6;;※ geminatum
primũ;file:Zaborowski_Polona.djvu?djvuopts=&highlight=818,1086,173,54&page=6;;※ primum
.i.;file:Zaborowski_Polona.djvu?djvuopts=&highlight=1693,1075,37,72&page=6;; ※ id est
&;file:Zaborowski_Polona.djvu?djvuopts=&highlight=1745,1072,55,64&page=6;; ※ et
diiõibꝰ.;file:Zaborowski_Polona.djvu?djvuopts=&highlight=768,1027,187,61&page=6;;※ dictionibus
.i.;file:Zaborowski_Polona.djvu?djvuopts=&highlight=1095,1022,71,48&page=6;; ※ id est
.i.;file:Zaborowski_Polona.djvu?djvuopts=&highlight=1395,1020,75,64&page=6;; ※ id est
.i.;file:Zaborowski_Polona.djvu?djvuopts=&highlight=484,968,57,59&page=6;; ※ id est
q;file:Zaborowski_Polona.djvu?djvuopts=&highlight=711,952,82,75&page=6;;※ quod
etiã;file:Zaborowski_Polona.djvu?djvuopts=&highlight=791,959,86,63&page=6;;※ etiam
põt;file:Zaborowski_Polona.djvu?djvuopts=&highlight=855,963,88,50&page=6;;※ potest
ꝑ;file:Zaborowski_Polona.djvu?djvuopts=&highlight=1302,950,66,59&page=6;;※ per
.i.;file:Zaborowski_Polona.djvu?djvuopts=&highlight=1657,966,57,50&page=6;; ※ id est
.i.;file:Zaborowski_Polona.djvu?djvuopts=&highlight=730,906,68,53&page=6;; ※ id est
gręcũ;file:Zaborowski_Polona.djvu?djvuopts=&highlight=1168,886,139,91&page=6;+2; ※ graecum
cũ;file:Zaborowski_Polona.djvu?djvuopts=&highlight=1298,906,66,55&page=6;;※ cum
vnã;file:Zaborowski_Polona.djvu?djvuopts=&highlight=1691,893,111,70&page=6;;※ vnam
.i.;file:Zaborowski_Polona.djvu?djvuopts=&highlight=773,847,52,53&page=6;; ※ id est
hmõi;file:Zaborowski_Polona.djvu?djvuopts=&highlight=1018,841,139,63&page=6;;※ huiusmodi
gręcum;file:Zaborowski_Polona.djvu?djvuopts=&highlight=1061,772,171,69&page=6;+2; ※ graecum
&;file:Zaborowski_Polona.djvu?djvuopts=&highlight=1232,786,70,61&page=6;; ※ et
&c̈.;file:Zaborowski_Polona.djvu?djvuopts=&highlight=850,736,93,55&page=6;; ※ etc.
7;file:Zaborowski_Polona.djvu?djvuopts=&highlight=766,2697,120,52&page=7;;※ strony B
ſonũ;file:Zaborowski_Polona.djvu?djvuopts=&highlight=766,2697,120,52&page=7;;※ sonum
exilẽ;file:Zaborowski_Polona.djvu?djvuopts=&highlight=1045,2685,119,71&page=7;;※ exilem
cũ;file:Zaborowski_Polona.djvu?djvuopts=&highlight=1161,2683,53,73&page=7;;※ cum
diionẽ;file:Zaborowski_Polona.djvu?djvuopts=&highlight=652,2638,184,59&page=7;;※ dictionem
ſillabã;file:Zaborowski_Polona.djvu?djvuopts=&highlight=905,2624,150,66&page=7;;※ sillabam
vꝉ;file:Zaborowski_Polona.djvu?djvuopts=&highlight=1416,2626,68,66&page=7;;※ vel
añ;file:Zaborowski_Polona.djvu?djvuopts=&highlight=300,2565,61,59&page=7;;※ ante
cõſonantẽ;file:Zaborowski_Polona.djvu?djvuopts=&highlight=643,2576,234,57&page=7;;※ consonantem
mediũ;file:Zaborowski_Polona.djvu?djvuopts=&highlight=1098,2567,166,66&page=7;;※ medium
ꝟo;file:Zaborowski_Polona.djvu?djvuopts=&highlight=1241,2563,79,68&page=7;;※ vero
cũ;file:Zaborowski_Polona.djvu?djvuopts=&highlight=1311,2572,71,61&page=7;;※ cum
ponit᷑;file:Zaborowski_Polona.djvu?djvuopts=&highlight=280,2504,134,63&page=7;;※ ponitur
cõis;file:Zaborowski_Polona.djvu?djvuopts=&highlight=1086,2504,89,77&page=7;;※ communis
&;file:Zaborowski_Polona.djvu?djvuopts=&highlight=1241,2510,73,57&page=7;; ※ et
&;file:Zaborowski_Polona.djvu?djvuopts=&highlight=1430,2508,77,66&page=7;; ※ et
diiõibus:;file:Zaborowski_Polona.djvu?djvuopts=&highlight=368,2454,239,63&page=7;;※ dictionibus
&;file:Zaborowski_Polona.djvu?djvuopts=&highlight=609,2451,64,59&page=7;; ※ et
eodẽ;file:Zaborowski_Polona.djvu?djvuopts=&highlight=723,2458,134,55&page=7;;※ eodem
mõ;file:Zaborowski_Polona.djvu?djvuopts=&highlight=841,2456,91,54&page=7;;※ modo
vñ;file:Zaborowski_Polona.djvu?djvuopts=&highlight=1248,2454,84,68&page=7;;※ vnde
.i.;file:Zaborowski_Polona.djvu?djvuopts=&highlight=1416,2451,68,69&page=7;; ※ id est
.i.;file:Zaborowski_Polona.djvu?djvuopts=&highlight=427,2395,59,52&page=7;; ※ id est
popꝉus;file:Zaborowski_Polona.djvu?djvuopts=&highlight=466,2395,170,50&page=7;;※ populus
.i.;file:Zaborowski_Polona.djvu?djvuopts=&highlight=748,2401,66,41&page=7;; ※ id est
.i.;file:Zaborowski_Polona.djvu?djvuopts=&highlight=1448,2397,61,59&page=7;; ※ id est
.i.;file:Zaborowski_Polona.djvu?djvuopts=&highlight=495,2333,60,64&page=7;; ※ id est
&;file:Zaborowski_Polona.djvu?djvuopts=&highlight=661,2331,69,70&page=7;; ※ et
ſiꝉia;file:Zaborowski_Polona.djvu?djvuopts=&highlight=714,2342,116,71&page=7;;※ similia
latinũ;file:Zaborowski_Polona.djvu?djvuopts=&highlight=441,2276,127,62&page=7;;※ latinum
ꝓut;file:Zaborowski_Polona.djvu?djvuopts=&highlight=559,2274,89,59&page=7;;※ prout
faciũt;file:Zaborowski_Polona.djvu?djvuopts=&highlight=641,2279,129,66&page=7;;※ faciunt
ꝗdã;file:Zaborowski_Polona.djvu?djvuopts=&highlight=777,2265,98,84&page=7;;※ quidam
ſcribẽtes;file:Zaborowski_Polona.djvu?djvuopts=&highlight=1025,2272,198,70&page=7;;※ scribentes
talẽ;file:Zaborowski_Polona.djvu?djvuopts=&highlight=1234,2283,82,50&page=7;;※ talem
ſonũ;file:Zaborowski_Polona.djvu?djvuopts=&highlight=1305,2272,127,77&page=7;;※ sonum
ꝗ;file:Zaborowski_Polona.djvu?djvuopts=&highlight=1423,2267,50,80&page=7;;※ qui
cũ;file:Zaborowski_Polona.djvu?djvuopts=&highlight=1477,2274,55,73&page=7;;※ cum
ꝑ;file:Zaborowski_Polona.djvu?djvuopts=&highlight=534,2208,52,66&page=7;;※ per
gręco;file:Zaborowski_Polona.djvu?djvuopts=&highlight=623,2213,138,63&page=7;; ※ graeco
ſequẽte;file:Zaborowski_Polona.djvu?djvuopts=&highlight=759,2226,182,46&page=7;;※ sequente
barborũ;file:Zaborowski_Polona.djvu?djvuopts=&highlight=414,2149,191,73&page=7;sic!;※ barbarum
&;file:Zaborowski_Polona.djvu?djvuopts=&highlight=657,2176,70,46&page=7;; ※ et
ſuꝑfluũ.;file:Zaborowski_Polona.djvu?djvuopts=&highlight=711,2151,191,91&page=7;;※ superfluum
ꝗ;file:Zaborowski_Polona.djvu?djvuopts=&highlight=1493,2147,62,70&page=7;;※ qui
nun̈;file:Zaborowski_Polona.djvu?djvuopts=&highlight=373,2090,120,75&page=7;;※ nunquam
diiõibus;file:Zaborowski_Polona.djvu?djvuopts=&highlight=855,2104,227,68&page=7;;※ dictionibus
ꝟo;file:Zaborowski_Polona.djvu?djvuopts=&highlight=1357,2097,95,73&page=7;;※ vero
.i.;file:Zaborowski_Polona.djvu?djvuopts=&highlight=450,2047,48,50&page=7;; ※ id est
.i.;file:Zaborowski_Polona.djvu?djvuopts=&highlight=743,2049,52,55&page=7;; ※ id est
mendaciũ;file:Zaborowski_Polona.djvu?djvuopts=&highlight=814,2052,206,47&page=7;;※ mendacium
.i.;file:Zaborowski_Polona.djvu?djvuopts=&highlight=1107,2047,59,55&page=7;; ※ id est
.i.;file:Zaborowski_Polona.djvu?djvuopts=&highlight=1393,2045,48,68&page=7;; ※ id est
.i.;file:Zaborowski_Polona.djvu?djvuopts=&highlight=264,1983,59,59&page=7;; ※ id est
.i.;file:Zaborowski_Polona.djvu?djvuopts=&highlight=530,1986,70,63&page=7;; ※ id est
lixiuiũ.;file:Zaborowski_Polona.djvu?djvuopts=&highlight=561,1992,164,53&page=7;;※ lixiuium
.i.;file:Zaborowski_Polona.djvu?djvuopts=&highlight=802,1986,57,52&page=7;; ※ id est
&;file:Zaborowski_Polona.djvu?djvuopts=&highlight=968,1977,66,77&page=7;; ※ et
fiꝉibus;file:Zaborowski_Polona.djvu?djvuopts=&highlight=1027,1986,141,59&page=7;;※ similibus
cũ;file:Zaborowski_Polona.djvu?djvuopts=&highlight=1395,1986,69,59&page=7;;※ cum
extraneus;file:Zaborowski_Polona.djvu?djvuopts=&highlight=1511,1992,84,46&highlight=223,1925,173,52&page=7;; ※ extraneus
&;file:Zaborowski_Polona.djvu?djvuopts=&highlight=559,1929,52,50&page=7;; ※ et
tñ;file:Zaborowski_Polona.djvu?djvuopts=&highlight=300,1863,84,64&page=7;;※ tamen
&;file:Zaborowski_Polona.djvu?djvuopts=&highlight=620,1858,73,87&page=7;; ※ et
ſignet᷑;file:Zaborowski_Polona.djvu?djvuopts=&highlight=886,1870,128,63&page=7;;※ signetur
ꝑ;file:Zaborowski_Polona.djvu?djvuopts=&highlight=1159,1858,59,69&page=7;;※ per
ꝓiea;file:Zaborowski_Polona.djvu?djvuopts=&highlight=1414,1868,166,70&page=7;;※ proiecta
quidã;file:Zaborowski_Polona.djvu?djvuopts=&highlight=318,1804,171,66&page=7;;※ quidam
ꝟo;file:Zaborowski_Polona.djvu?djvuopts=&highlight=466,1799,82,71&page=7;;※ vero
latinũ;file:Zaborowski_Polona.djvu?djvuopts=&highlight=868,1806,143,71&page=7;;※ latinum
&;file:Zaborowski_Polona.djvu?djvuopts=&highlight=995,1808,78,66&page=7;; ※ et
durũ;file:Zaborowski_Polona.djvu?djvuopts=&highlight=1073,1811,136,75&page=7;;※ durum
talẽ;file:Zaborowski_Polona.djvu?djvuopts=&highlight=1195,1811,96,70&page=7;;※ talem
faciũt;file:Zaborowski_Polona.djvu?djvuopts=&highlight=1268,1811,139,72&page=7;;※ faciunt
drñtiam;file:Zaborowski_Polona.djvu?djvuopts=&highlight=1407,1806,202,73&page=7;;※ differentiam
em̃;file:Zaborowski_Polona.djvu?djvuopts=&highlight=243,1749,89,62&page=7;;※ enim
latinũ;file:Zaborowski_Polona.djvu?djvuopts=&highlight=300,1733,168,75&page=7;;※ latinum
ſcribũt;file:Zaborowski_Polona.djvu?djvuopts=&highlight=450,1749,168,62&page=7;;※ scribunt
ſuꝑius;file:Zaborowski_Polona.djvu?djvuopts=&highlight=605,1752,159,66&page=7;;※ superius
cũ;file:Zaborowski_Polona.djvu?djvuopts=&highlight=752,1740,71,71&page=7;;※ cum
rotũdũ;file:Zaborowski_Polona.djvu?djvuopts=&highlight=1009,1743,175,63&page=7;;※ rotundum
durũ;file:Zaborowski_Polona.djvu?djvuopts=&highlight=1275,1749,130,66&page=7;;※ durum
ꝟo;file:Zaborowski_Polona.djvu?djvuopts=&highlight=1380,1752,81,54&page=7;;※ vero
reũ;file:Zaborowski_Polona.djvu?djvuopts=&highlight=1482,1756,123,57&page=7;;※ rectum
baculũ;file:Zaborowski_Polona.djvu?djvuopts=&highlight=341,1693,161,52&page=7;;※ baculum
siꝉi;file:Zaborowski_Polona.djvu?djvuopts=&highlight=584,1688,105,70&page=7;niezidentygikowany diakryt;※ similiter
cũ;file:Zaborowski_Polona.djvu?djvuopts=&highlight=1314,1690,66,80&page=7;;※ cum
vtrũ;file:Zaborowski_Polona.djvu?djvuopts=&highlight=1373,1693,147,70&page=7;;※ vtrumque
latinũ;file:Zaborowski_Polona.djvu?djvuopts=&highlight=220,1627,150,61&page=7;;※ latinum
&;file:Zaborowski_Polona.djvu?djvuopts=&highlight=352,1618,73,61&page=7;; ※ et
durũ;file:Zaborowski_Polona.djvu?djvuopts=&highlight=934,1629,116,75&page=7;;※ durum
vſitatũ;file:Zaborowski_Polona.djvu?djvuopts=&highlight=1439,1633,177,66&page=7;;※ vsitatum
fignandũ;file:Zaborowski_Polona.djvu?djvuopts=&highlight=1370,1579,221,52&page=7;;※ signandum
tan̈;file:Zaborowski_Polona.djvu?djvuopts=&highlight=214,1488,129,82&page=7;;※ tanquam
ꝙ;file:Zaborowski_Polona.djvu?djvuopts=&highlight=1027,1504,55,68&page=7;;※ quod
qñ;file:Zaborowski_Polona.djvu?djvuopts=&highlight=1075,1502,73,75&page=7;;※ quando
vꝉ;file:Zaborowski_Polona.djvu?djvuopts=&highlight=327,1454,78,66&page=7;;※ vel
cõcurrũt;file:Zaborowski_Polona.djvu?djvuopts=&highlight=550,1456,209,57&page=7;;※ concurrunt
eadẽ;file:Zaborowski_Polona.djvu?djvuopts=&highlight=807,1454,100,64&page=7;;※ eadem
.i.;file:Zaborowski_Polona.djvu?djvuopts=&highlight=1155,1456,65,57&page=7;; ※ id est
.i.;file:Zaborowski_Polona.djvu?djvuopts=&highlight=1448,1459,63,75&page=7;; ※ id est
exm̃;file:Zaborowski_Polona.djvu?djvuopts=&highlight=220,1393,121,66&page=7;;※ exemplum
vnã;file:Zaborowski_Polona.djvu?djvuopts=&highlight=741,1409,89,52&page=7;;※ vnam
illarũ;file:Zaborowski_Polona.djvu?djvuopts=&highlight=836,1399,132,62&page=7;;※ illorum
triplicẽ;file:Zaborowski_Polona.djvu?djvuopts=&highlight=452,1329,173,66&page=7;;※ triplicem
ſonũ;file:Zaborowski_Polona.djvu?djvuopts=&highlight=739,1325,118,81&page=7;;※ sonum
obſcurũ;file:Zaborowski_Polona.djvu?djvuopts=&highlight=1005,1327,186,61&page=7;;※ obscurum
templũ;file:Zaborowski_Polona.djvu?djvuopts=&highlight=416,1284,159,45&page=7;;※ templum
Apertũ;file:Zaborowski_Polona.djvu?djvuopts=&highlight=584,1288,177,43&page=7;;※ Apertum
diiõis;file:Zaborowski_Polona.djvu?djvuopts=&highlight=818,1290,162,50&page=7;;※ dictionis
prĩcipio;file:Zaborowski_Polona.djvu?djvuopts=&highlight=1007,1277,168,68&page=7;;※ principio
mediocrẽ;file:Zaborowski_Polona.djvu?djvuopts=&highlight=1364,1286,247,54&page=7;;※ mediocrem
&;file:Zaborowski_Polona.djvu?djvuopts=&highlight=623,1225,59,54&page=7;; ※ et
&;file:Zaborowski_Polona.djvu?djvuopts=&highlight=816,1222,82,62&page=7;; ※ et
&;file:Zaborowski_Polona.djvu?djvuopts=&highlight=1032,1215,66,73&page=7;; ※ et
diiõibꝰ;file:Zaborowski_Polona.djvu?djvuopts=&highlight=1305,1225,206,59&page=7;;※ dictionibus
cões;file:Zaborowski_Polona.djvu?djvuopts=&highlight=227,1152,100,68&page=7;;※ communes
duplicẽ;file:Zaborowski_Polona.djvu?djvuopts=&highlight=486,1100,169,56&page=7;;※ duplicem
ſonũ;file:Zaborowski_Polona.djvu?djvuopts=&highlight=777,1104,114,59&page=7;;※ sonum
plenũ;file:Zaborowski_Polona.djvu?djvuopts=&highlight=1050,1104,130,61&page=7;;※ plenum
&;file:Zaborowski_Polona.djvu?djvuopts=&highlight=1382,1091,59,88&page=7;; ※ et
ſillabarũ;file:Zaborowski_Polona.djvu?djvuopts=&highlight=414,1050,206,59&page=7;;※ sillabarum
nomẽ;file:Zaborowski_Polona.djvu?djvuopts=&highlight=684,1041,132,63&page=7;;※ nomen
&;file:Zaborowski_Polona.djvu?djvuopts=&highlight=827,1045,41,64&page=7;; ※ et
exilẽ;file:Zaborowski_Polona.djvu?djvuopts=&highlight=866,1047,125,48&page=7;;※ exilem
diiõibus;file:Zaborowski_Polona.djvu?djvuopts=&highlight=286,979,221,66&page=7;;※ dictionibus
terciũ;file:Zaborowski_Polona.djvu?djvuopts=&highlight=845,979,135,68&page=7;;※ tercium
ſonũ;file:Zaborowski_Polona.djvu?djvuopts=&highlight=973,975,109,77&page=7;;※ sonum
mollẽ:;file:Zaborowski_Polona.djvu?djvuopts=&highlight=1089,988,136,48&page=7;;※ mollem
quẽ;file:Zaborowski_Polona.djvu?djvuopts=&highlight=1223,977,91,70&page=7;;※ quem
gręca;file:Zaborowski_Polona.djvu?djvuopts=&highlight=502,904,134,68&page=7;; ※ graeca
cõſona;file:Zaborowski_Polona.djvu?djvuopts=&highlight=632,920,154,73&page=7;;※ consona
.i.;file:Zaborowski_Polona.djvu?djvuopts=&highlight=1245,920,62,73&page=7;; ※ id est
q;file:Zaborowski_Polona.djvu?djvuopts=&highlight=1389,906,63,82&page=7;;※ quod
põt;file:Zaborowski_Polona.djvu?djvuopts=&highlight=373,866,72,59&page=7;;※ potest
litterarũ;file:Zaborowski_Polona.djvu?djvuopts=&highlight=1064,859,191,70&page=7;;※ litterarum
molliũ;file:Zaborowski_Polona.djvu?djvuopts=&highlight=1248,863,161,66&page=7;;※ mollium
.i.;file:Zaborowski_Polona.djvu?djvuopts=&highlight=584,811,66,48&page=7;; ※ id est
q;file:Zaborowski_Polona.djvu?djvuopts=&highlight=802,802,53,73&page=7;;※ quod
&;file:Zaborowski_Polona.djvu?djvuopts=&highlight=218,734,68,70&page=7;; ※ et
8;file:Zaborowski_Polona.djvu?djvuopts=&highlight=720,2688,162,63&page=8;;※ strony B
duplicẽ;file:Zaborowski_Polona.djvu?djvuopts=&highlight=720,2688,162,63&page=8;;※ duplicem
ſonũ;file:Zaborowski_Polona.djvu?djvuopts=&highlight=1005,2681,131,84&page=8;;※ sonum
vnũ;file:Zaborowski_Polona.djvu?djvuopts=&highlight=1125,2685,102,57&page=8;;※ vnum
&;file:Zaborowski_Polona.djvu?djvuopts=&highlight=1359,2679,61,61&page=8;; ※ et
cõmunẽ;file:Zaborowski_Polona.djvu?djvuopts=&highlight=561,2624,207,70&page=8;;※ communem
alterũ;file:Zaborowski_Polona.djvu?djvuopts=&highlight=759,2638,150,68&page=8;;※ alterum
impropriu:̃;file:Zaborowski_Polona.djvu?djvuopts=&highlight=900,2620,257,74&page=8;;※ improprium
quẽ;file:Zaborowski_Polona.djvu?djvuopts=&highlight=1150,2624,111,64&page=8;;※ quem
durarũ;file:Zaborowski_Polona.djvu?djvuopts=&highlight=1066,2563,166,68&page=8;;※ durarum
impropriarũ;file:Zaborowski_Polona.djvu?djvuopts=&highlight=1305,2563,290,63&page=8;;※ impropriarum
litterarũ;file:Zaborowski_Polona.djvu?djvuopts=&highlight=1586,2556,196,68&page=8;;※ litterarum
pũo;file:Zaborowski_Polona.djvu?djvuopts=&highlight=386,2515,153,55&page=8;;※ puncto
ſuꝑius;file:Zaborowski_Polona.djvu?djvuopts=&highlight=534,2517,157,59&page=8;;※ superius
ſolent;file:Zaborowski_Polona.djvu?djvuopts=&highlight=1007,2510,125,64&page=8;;※ solent
q;file:Zaborowski_Polona.djvu?djvuopts=&highlight=1227,2497,82,73&page=8;M+F1C8;※ quod
vnũ;file:Zaborowski_Polona.djvu?djvuopts=&highlight=1548,2445,88,54&page=8;;※ Vnum
ꝓpriũ;file:Zaborowski_Polona.djvu?djvuopts=&highlight=1634,2431,148,79&page=8;;※ proprium
&;file:Zaborowski_Polona.djvu?djvuopts=&highlight=475,2397,66,54&page=8;; ※ et
excuorũ;file:Zaborowski_Polona.djvu?djvuopts=&highlight=1455,2372,234,77&page=8;;※ excussorum
&c̈.;file:Zaborowski_Polona.djvu?djvuopts=&highlight=580,2345,84,52&page=8;; ※ etc.
aliũ;file:Zaborowski_Polona.djvu?djvuopts=&highlight=659,2340,107,48&page=8;;※ alium
durũ;file:Zaborowski_Polona.djvu?djvuopts=&highlight=766,2338,114,63&page=8;;※ durum
&;file:Zaborowski_Polona.djvu?djvuopts=&highlight=875,2331,52,66&page=8;; ※ et
impropriũ;file:Zaborowski_Polona.djvu?djvuopts=&highlight=923,2329,245,68&page=8;;※ improprium
que;file:Zaborowski_Polona.djvu?djvuopts=&highlight=1184,2331,93,64&page=8;M+F1C8;※ quem
ꝗdam;file:Zaborowski_Polona.djvu?djvuopts=&highlight=1261,2317,150,84&page=8;;※ quidam
&;file:Zaborowski_Polona.djvu?djvuopts=&highlight=1223,2270,61,70&page=8;; ※ et
ꝗa;file:Zaborowski_Polona.djvu?djvuopts=&highlight=1495,2249,60,75&page=8;;※ quia
ꝗdã;file:Zaborowski_Polona.djvu?djvuopts=&highlight=850,2206,105,77&page=8;;※ quidam
talẽ;file:Zaborowski_Polona.djvu?djvuopts=&highlight=948,2213,86,77&page=8;;※ talem
ſonũ;file:Zaborowski_Polona.djvu?djvuopts=&highlight=1032,2215,118,68&page=8;;※ sonum
ſcribũit;file:Zaborowski_Polona.djvu?djvuopts=&highlight=1145,2217,160,53&page=8;;※ scribunt
ꝑ;file:Zaborowski_Polona.djvu?djvuopts=&highlight=1300,2195,48,79&page=8;;※ per
.i.;file:Zaborowski_Polona.djvu?djvuopts=&highlight=595,2176,57,50&page=8;; ※ id est
.i.;file:Zaborowski_Polona.djvu?djvuopts=&highlight=948,2156,54,34&page=8;; ※ id est
omniũ;file:Zaborowski_Polona.djvu?djvuopts=&highlight=993,2158,150,75&page=8;;※ omnium
tñ;file:Zaborowski_Polona.djvu?djvuopts=&highlight=1407,2145,73,70&page=8;;※ tamen
ꝑ;file:Zaborowski_Polona.djvu?djvuopts=&highlight=1686,2129,62,82&page=8;;※ per
aliarũ;file:Zaborowski_Polona.djvu?djvuopts=&highlight=959,2102,146,65&page=8;;※ aliarum
litteraꝶ;file:Zaborowski_Polona.djvu?djvuopts=&highlight=1082,2095,182,68&page=8;;※ litterarum
durarꝶ;file:Zaborowski_Polona.djvu?djvuopts=&highlight=1280,2095,145,59&page=8;;※ durarum
.i.;file:Zaborowski_Polona.djvu?djvuopts=&highlight=482,2049,38,55&page=8;; ※ id est
&;file:Zaborowski_Polona.djvu?djvuopts=&highlight=1052,2040,71,62&page=8;; ※ et
ſonus;file:Zaborowski_Polona.djvu?djvuopts=&highlight=1264,2033,138,82&page=8;;※ sonus
ꝗ;file:Zaborowski_Polona.djvu?djvuopts=&highlight=1561,1999,64,96&page=8;;※ qui
etiã;file:Zaborowski_Polona.djvu?djvuopts=&highlight=1600,2022,95,73&page=8;;※ etiam
aliarũ;file:Zaborowski_Polona.djvu?djvuopts=&highlight=439,1986,161,56&page=8;;※ aliarum
molliũ;file:Zaborowski_Polona.djvu?djvuopts=&highlight=577,1979,155,75&page=8;;※ mollium
litterarũ;file:Zaborowski_Polona.djvu?djvuopts=&highlight=734,1981,177,68&page=8;;※ litterarum
&;file:Zaborowski_Polona.djvu?djvuopts=&highlight=1452,1967,84,80&page=8;; ※ et
diiõibus;file:Zaborowski_Polona.djvu?djvuopts=&highlight=1200,1915,211,71&page=8;;※ dictionibus
nõ;file:Zaborowski_Polona.djvu?djvuopts=&highlight=1407,1915,68,57&page=8;;※ non
em̃;file:Zaborowski_Polona.djvu?djvuopts=&highlight=1477,1911,80,70&page=8;;※ enim
&;file:Zaborowski_Polona.djvu?djvuopts=&highlight=1302,1856,73,64&page=8;; ※ et
&;file:Zaborowski_Polona.djvu?djvuopts=&highlight=1695,1838,82,70&page=8;; ※ et
tñ;file:Zaborowski_Polona.djvu?djvuopts=&highlight=889,1802,75,66&page=8;;※ tamen
diiõibꝰ;file:Zaborowski_Polona.djvu?djvuopts=&highlight=961,1802,196,79&page=8;;※ dictionibus
cõfone;file:Zaborowski_Polona.djvu?djvuopts=&highlight=1286,1788,175,68&page=8;;※ consone
ſepenuero;file:Zaborowski_Polona.djvu?djvuopts=&highlight=1436,1788,246,68&page=8;;※ sepenumero
vñ;file:Zaborowski_Polona.djvu?djvuopts=&highlight=568,1743,66,70&page=8;;※ vnde
ꝑ;file:Zaborowski_Polona.djvu?djvuopts=&highlight=611,1738,55,73&page=8;;※ per
ſillabã;file:Zaborowski_Polona.djvu?djvuopts=&highlight=709,1740,134,73&page=8;;※ sillabam
nõ;file:Zaborowski_Polona.djvu?djvuopts=&highlight=850,1745,80,68&page=8;;※ non
quẽadmodũ;file:Zaborowski_Polona.djvu?djvuopts=&highlight=1007,1743,279,68&page=8;;※ quemadmodum
ꝙ;file:Zaborowski_Polona.djvu?djvuopts=&highlight=1495,1713,69,84&page=8;; ※ que
ꝑ;file:Zaborowski_Polona.djvu?djvuopts=&highlight=357,1679,88,91&page=8;; ※ per
ſepenũero;file:Zaborowski_Polona.djvu?djvuopts=&highlight=534,1674,236,75&page=8;;※ sepenumero
cũ;file:Zaborowski_Polona.djvu?djvuopts=&highlight=1207,1686,59,63&page=8;;※ cum
fequẽti;file:Zaborowski_Polona.djvu?djvuopts=&highlight=1255,1672,170,80&page=8;;※ sequenti
diiõe;file:Zaborowski_Polona.djvu?djvuopts=&highlight=1443,1683,143,62&page=8;;※ dictione
legit᷑;file:Zaborowski_Polona.djvu?djvuopts=&highlight=1575,1677,123,56&page=8;;※ legitur
ponit᷑;file:Zaborowski_Polona.djvu?djvuopts=&highlight=1216,1611,136,77&page=8;;※ ponitur
aũt;file:Zaborowski_Polona.djvu?djvuopts=&highlight=1343,1615,107,68&page=8;;※ autem
regularitᷣ;file:Zaborowski_Polona.djvu?djvuopts=&highlight=1450,1611,200,77&page=8;;※ regulariter
diiõibus;file:Zaborowski_Polona.djvu?djvuopts=&highlight=1684,1611,96,68&highlight=382,1579,198,52&page=8;;※ dictionibus
cõſona;file:Zaborowski_Polona.djvu?djvuopts=&highlight=786,1565,159,64&page=8;;※ consona
ſequẽte;file:Zaborowski_Polona.djvu?djvuopts=&highlight=1289,1559,166,63&page=8;;※ sequente
cũ;file:Zaborowski_Polona.djvu?djvuopts=&highlight=1450,1563,82,64&page=8;;※ cum
eadẽ;file:Zaborowski_Polona.djvu?djvuopts=&highlight=584,1513,123,61&page=8;;※ eadem
.i.;file:Zaborowski_Polona.djvu?djvuopts=&highlight=991,1504,59,55&page=8;; ※ id est
.i.;file:Zaborowski_Polona.djvu?djvuopts=&highlight=1355,1499,52,57&page=8;; ※ id est
tuoꝶ.;file:Zaborowski_Polona.djvu?djvuopts=&highlight=1398,1499,127,60&page=8;;※ tuorum
exm̃;file:Zaborowski_Polona.djvu?djvuopts=&highlight=1534,1490,114,71&page=8;;※ exemplum
.i.;file:Zaborowski_Polona.djvu?djvuopts=&highlight=593,1461,59,52&page=8;; ※ id est
.i.;file:Zaborowski_Polona.djvu?djvuopts=&highlight=1211,1449,57,60&page=8;; ※ id est
simiꝉr;file:Zaborowski_Polona.djvu?djvuopts=&highlight=1405,1440,156,66&page=8;;※ similiter
cũ;file:Zaborowski_Polona.djvu?djvuopts=&highlight=759,1386,57,73&page=8;;※ cum
tñ;file:Zaborowski_Polona.djvu?djvuopts=&highlight=964,1386,59,70&page=8;;※ tamen
conſillabicũ.;file:Zaborowski_Polona.djvu?djvuopts=&highlight=1252,1384,275,70&page=8;;※ consillabicum
.i.;file:Zaborowski_Polona.djvu?djvuopts=&highlight=1705,1384,72,61&page=8;; ※ id est
.i.;file:Zaborowski_Polona.djvu?djvuopts=&highlight=561,1343,71,45&page=8;; ※ id est
verborũ;file:Zaborowski_Polona.djvu?djvuopts=&highlight=609,1334,193,63&page=8;;※ verborum
.i.;file:Zaborowski_Polona.djvu?djvuopts=&highlight=884,1331,71,57&page=8;; ※ id est
.i.;file:Zaborowski_Polona.djvu?djvuopts=&highlight=1193,1318,71,70&page=8;; ※ id est
aũt;file:Zaborowski_Polona.djvu?djvuopts=&highlight=1484,1318,96,61&page=8;;※ autem
.i.;file:Zaborowski_Polona.djvu?djvuopts=&highlight=973,1275,50,52&page=8;; ※ id est
duplicẽ;file:Zaborowski_Polona.djvu?djvuopts=&highlight=486,1220,171,68&page=8;;※ duplicem
ſonũ;file:Zaborowski_Polona.djvu?djvuopts=&highlight=780,1213,131,68&page=8;;※ sonum
vnũ;file:Zaborowski_Polona.djvu?djvuopts=&highlight=895,1218,116,66&page=8;;※ vnum
ꝓpriũ;file:Zaborowski_Polona.djvu?djvuopts=&highlight=984,1204,146,61&page=8;;※ proprium
ꝗ;file:Zaborowski_Polona.djvu?djvuopts=&highlight=1136,1190,41,82&page=8;;※ qui
&;file:Zaborowski_Polona.djvu?djvuopts=&highlight=1175,1209,59,66&page=8;; ※ et
diiõibꝰ;file:Zaborowski_Polona.djvu?djvuopts=&highlight=1555,1202,190,75&page=8;;※ dictionibus
impropriũ;file:Zaborowski_Polona.djvu?djvuopts=&highlight=511,1152,250,68&page=8;;※ improprium
ꝗ;file:Zaborowski_Polona.djvu?djvuopts=&highlight=748,1152,52,61&page=8;;※ qui
durũ;file:Zaborowski_Polona.djvu?djvuopts=&highlight=852,1154,132,66&page=8;;※ durum
&;file:Zaborowski_Polona.djvu?djvuopts=&highlight=959,1152,66,70&page=8;;※ et
mollẽ;file:Zaborowski_Polona.djvu?djvuopts=&highlight=1023,1152,143,66&page=8;;※ mollem
partit᷑;file:Zaborowski_Polona.djvu?djvuopts=&highlight=1164,1152,122,66&page=8;;※ partitur
.i.;file:Zaborowski_Polona.djvu?djvuopts=&highlight=1080,1097,52,57&page=8;; ※ id est
duplicẽ;file:Zaborowski_Polona.djvu?djvuopts=&highlight=609,1038,168,71&page=8;;※ duplicem
ſonũ;file:Zaborowski_Polona.djvu?djvuopts=&highlight=882,1025,129,79&page=8;;※ sonum
propriũ;file:Zaborowski_Polona.djvu?djvuopts=&highlight=1018,1029,191,64&page=8;;※ proprium
&;file:Zaborowski_Polona.djvu?djvuopts=&highlight=1191,1022,64,73&page=8;; ※ et
impropriũ;file:Zaborowski_Polona.djvu?djvuopts=&highlight=1250,1034,239,57&page=8;;※ improprium
ꝓpriũ;file:Zaborowski_Polona.djvu?djvuopts=&highlight=1498,1020,143,64&page=8;;※ proprium
.i.;file:Zaborowski_Polona.djvu?djvuopts=&highlight=632,977,77,64&page=8;; ※ id est
impropriũ;file:Zaborowski_Polona.djvu?djvuopts=&highlight=820,963,266,84&page=8;;※ improprium
durũ;file:Zaborowski_Polona.djvu?djvuopts=&highlight=1459,961,114,77&page=8;;※ durum
&;file:Zaborowski_Polona.djvu?djvuopts=&highlight=386,938,48,53&page=8;; ※ et
mollẽ;file:Zaborowski_Polona.djvu?djvuopts=&highlight=507,929,129,57&page=8;;※ mollem
Cauendũ;file:Zaborowski_Polona.djvu?djvuopts=&highlight=464,861,204,80&page=8;;※ Cauendum
qͦ;file:Zaborowski_Polona.djvu?djvuopts=&highlight=668,859,80,75&page=8;;※ quoque
ponant᷑;file:Zaborowski_Polona.djvu?djvuopts=&highlight=1336,854,155,75&page=8;;※ ponantur
&;file:Zaborowski_Polona.djvu?djvuopts=&highlight=1486,857,66,61&page=8;; ※ et
cõurrſo;file:Zaborowski_Polona.djvu?djvuopts=&highlight=1559,845,182,75&page=8;;※ conuerso
&;file:Zaborowski_Polona.djvu?djvuopts=&highlight=841,797,79,80&page=8;; ※ et
diiõe;file:Zaborowski_Polona.djvu?djvuopts=&highlight=1314,795,163,68&page=8;;※ dictione
oꝑant᷑;file:Zaborowski_Polona.djvu?djvuopts=&highlight=1459,793,171,70&page=8;;※ operantur
nõ;file:Zaborowski_Polona.djvu?djvuopts=&highlight=1684,795,89,59&page=8;;※ non
latinaſ;file:Zaborowski_Polona.djvu?djvuopts=&highlight=945,725,185,77&page=8;;※ latinasque
9;file:Zaborowski_Polona.djvu?djvuopts=&highlight=616,2669,189,66&page=9;;※ strony B
diionũ;file:Zaborowski_Polona.djvu?djvuopts=&highlight=616,2669,189,66&page=9;;※ dictionum
vulgariũ;file:Zaborowski_Polona.djvu?djvuopts=&highlight=800,2672,202,57&page=9;;※ vulgarium
cũ;file:Zaborowski_Polona.djvu?djvuopts=&highlight=980,2669,97,50&page=9;;※ cum
diionũl;file:Zaborowski_Polona.djvu?djvuopts=&highlight=1230,2656,175,52&page=9;;※ dictionum
latinaꝶ;file:Zaborowski_Polona.djvu?djvuopts=&highlight=1393,2656,191,59&page=9;;※ latinarum
ſiꝉimõ;file:Zaborowski_Polona.djvu?djvuopts=&highlight=250,2617,136,50&highlight=302,2617,80,52&page=9;;※ similimodo
ꝓprio;file:Zaborowski_Polona.djvu?djvuopts=&highlight=661,2601,150,66&page=9;;※ proprio
cõferuãdo;file:Zaborowski_Polona.djvu?djvuopts=&highlight=1052,2601,228,73&page=9;;※ conseruando
aũt;file:Zaborowski_Polona.djvu?djvuopts=&highlight=1366,2604,84,56&page=9;;※ autem
diũ;file:Zaborowski_Polona.djvu?djvuopts=&highlight=1161,2542,121,78&page=9;;※ dictum
ꝓ;file:Zaborowski_Polona.djvu?djvuopts=&highlight=195,2485,48,71&page=9;;※ per
vnã;file:Zaborowski_Polona.djvu?djvuopts=&highlight=525,2495,95,56&page=9;;※ vnam
generalẽ;file:Zaborowski_Polona.djvu?djvuopts=&highlight=625,2483,177,73&page=9;;※ generalem
regulā;file:Zaborowski_Polona.djvu?djvuopts=&highlight=814,2490,163,70&page=9;;※ regulam
gñalis;file:Zaborowski_Polona.djvu?djvuopts=&highlight=1325,2485,141,55&page=9;;※ generalis
excedẽtes;file:Zaborowski_Polona.djvu?djvuopts=&highlight=625,2429,209,66&page=9;;※ excedentes
notabilitᷣ;file:Zaborowski_Polona.djvu?djvuopts=&highlight=825,2431,195,59&page=9;;※ notabiliter
ſignent᷑;file:Zaborowski_Polona.djvu?djvuopts=&highlight=1502,2415,84,68&highlight=205,2388,127,52&page=9;;※ signentur
.i,;file:Zaborowski_Polona.djvu?djvuopts=&highlight=1257,2365,63,59&page=9;; ※ id est
i.;file:Zaborowski_Polona.djvu?djvuopts=&highlight=407,2317,52,66&page=9;sic!; ※ id est
.i.;file:Zaborowski_Polona.djvu?djvuopts=&highlight=743,2324,64,59&page=9;; ※ id est
.i.;file:Zaborowski_Polona.djvu?djvuopts=&highlight=1059,2317,59,57&page=9;; ※ id est
collũ;file:Zaborowski_Polona.djvu?djvuopts=&highlight=1116,2313,102,59&page=9;;※ collum
i.;file:Zaborowski_Polona.djvu?djvuopts=&highlight=1311,2315,48,57&page=9;; ※ id est
ꝟo;file:Zaborowski_Polona.djvu?djvuopts=&highlight=450,2261,82,56&page=9;;※ vero
ſignent᷑;file:Zaborowski_Polona.djvu?djvuopts=&highlight=750,2256,180,57&page=9;;※ signentur
duobꝰ;file:Zaborowski_Polona.djvu?djvuopts=&highlight=932,2254,141,63&page=9;;※ duobus
pũis.;file:Zaborowski_Polona.djvu?djvuopts=&highlight=1068,2247,150,75&page=9;;※ punctis
.i.;file:Zaborowski_Polona.djvu?djvuopts=&highlight=1345,2242,73,64&page=9;; ※ id est
q;file:Zaborowski_Polona.djvu?djvuopts=&highlight=302,2201,75,69&page=9;;※ quod
foramẽ;file:Zaborowski_Polona.djvu?djvuopts=&highlight=375,2204,161,70&page=9;;※ foramen
auiũ;file:Zaborowski_Polona.djvu?djvuopts=&highlight=541,2199,91,62&page=9;;※ auium
dr̃;file:Zaborowski_Polona.djvu?djvuopts=&highlight=643,2201,68,75&page=9;;※ dicitur
.i.;file:Zaborowski_Polona.djvu?djvuopts=&highlight=820,2204,64,61&page=9;; ※ id est
ꝑ;file:Zaborowski_Polona.djvu?djvuopts=&highlight=1114,2181,66,77&page=9;;※ per
gręcū;file:Zaborowski_Polona.djvu?djvuopts=&highlight=1195,2192,137,69&page=9;+2 Urbańczyk: grecum;※ graecum
ſcribant᷑;file:Zaborowski_Polona.djvu?djvuopts=&highlight=1330,2195,168,61&page=9;;※ scribuntur
&;file:Zaborowski_Polona.djvu?djvuopts=&highlight=1491,2188,109,66&page=9;; ※ et
vtru;file:Zaborowski_Polona.djvu?djvuopts=&highlight=180,2142,156,66&page=9;;※ vtrumque
tamẽ;file:Zaborowski_Polona.djvu?djvuopts=&highlight=625,2138,130,68&page=9;;※ tamen
primũ;file:Zaborowski_Polona.djvu?djvuopts=&highlight=736,2138,144,59&page=9;;※ primum
horũ;file:Zaborowski_Polona.djvu?djvuopts=&highlight=1125,2133,132,62&page=9;;※ horum
aũt;file:Zaborowski_Polona.djvu?djvuopts=&highlight=1261,2142,80,55&page=9;;※ autem
fcribunt᷑;file:Zaborowski_Polona.djvu?djvuopts=&highlight=198,2086,191,63&page=9;;※ scribuntur
ſimpł'r;file:Zaborowski_Polona.djvu?djvuopts=&highlight=391,2081,139,68&page=9;;※ simpliciter
ꝗdem;file:Zaborowski_Polona.djvu?djvuopts=&highlight=1266,2065,152,59&page=9;;※ quidem
diũ;file:Zaborowski_Polona.djvu?djvuopts=&highlight=509,2027,114,68&page=9;;※ dictum
nã;file:Zaborowski_Polona.djvu?djvuopts=&highlight=1032,2020,73,59&page=9;;※ nam
pretᷣmio;file:Zaborowski_Polona.djvu?djvuopts=&highlight=1193,2011,212,66&page=9;;※ pretermisso
diﬅinguẽdis;file:Zaborowski_Polona.djvu?djvuopts=&highlight=450,1958,264,80&page=9;;※ distinguendis
&;file:Zaborowski_Polona.djvu?djvuopts=&highlight=1300,1956,57,68&page=9;; ※ et
ſignabunt᷑;file:Zaborowski_Polona.djvu?djvuopts=&highlight=741,1908,239,66&page=9;;※ signabuntur
ſaltẽ;file:Zaborowski_Polona.djvu?djvuopts=&highlight=977,1899,103,80&page=9;;※ saltem
obſeruet́;file:Zaborowski_Polona.djvu?djvuopts=&highlight=1277,1897,207,75&page=9;;※ obseruetur
Alphabetũ;file:Zaborowski_Polona.djvu?djvuopts=&highlight=1100,1849,252,57&page=9;;※ alphabetum
Polonicũ;file:Zaborowski_Polona.djvu?djvuopts=&highlight=1325,1836,220,75&page=9;;※ polonicum
haꝶ;file:Zaborowski_Polona.djvu?djvuopts=&highlight=473,1672,95,59&page=9;; ※ harum
litterarũ;file:Zaborowski_Polona.djvu?djvuopts=&highlight=559,1663,202,73&page=9;; ※ litterarum
&;file:Zaborowski_Polona.djvu?djvuopts=&highlight=1214,1665,50,82&page=9;; ※ et
dn̄t;file:Zaborowski_Polona.djvu?djvuopts=&highlight=416,1624,95,69&page=9;;※ debent
prudẽtie;file:Zaborowski_Polona.djvu?djvuopts=&highlight=843,1613,202,66&page=9;;※ prudentie
relinꝗmus;file:Zaborowski_Polona.djvu?djvuopts=&highlight=1034,1606,218,71&page=9;relinꝗmns[sic];※ relinquimus
quoꝶ;file:Zaborowski_Polona.djvu?djvuopts=&highlight=1282,1599,134,59&page=9;;※ quorum
drñtiam;file:Zaborowski_Polona.djvu?djvuopts=&highlight=152,1554,207,68&page=9;;※ differentiam
nō;file:Zaborowski_Polona.djvu?djvuopts=&highlight=475,1556,66,55&page=9;;※ non
em̃;file:Zaborowski_Polona.djvu?djvuopts=&highlight=832,1556,68,62&page=9;;※ enim
ꝗ;file:Zaborowski_Polona.djvu?djvuopts=&highlight=1420,1536,60,70&page=9;;※ qui
litterarũ;file:Zaborowski_Polona.djvu?djvuopts=&highlight=614,1486,193,77&page=9;;※ litterarum
differẽtias;file:Zaborowski_Polona.djvu?djvuopts=&highlight=805,1486,225,68&page=9;;※ differentias
relinꝗt;file:Zaborowski_Polona.djvu?djvuopts=&highlight=1373,1479,168,68&page=9;;※ relinquit
&;file:Zaborowski_Polona.djvu?djvuopts=&highlight=255,1434,59,79&page=9;; ※ et
nõ;file:Zaborowski_Polona.djvu?djvuopts=&highlight=534,1431,71,64&page=9;;※ non
q;file:Zaborowski_Polona.djvu?djvuopts=&highlight=736,1429,57,77&page=9;;※ quod
ꝑitilimis;file:Zaborowski_Polona.djvu?djvuopts=&highlight=798,1424,204,64&page=9; 1 ;※ peritissimis
dñica.;file:Zaborowski_Polona.djvu?djvuopts=&highlight=1409,1368,141,59&page=9;;※ dominica
amẽ;file:Zaborowski_Polona.djvu?djvuopts=&highlight=570,1077,105,66&page=9;;※ amen
ſemꝑ;file:Zaborowski_Polona.djvu?djvuopts=&highlight=1093,1072,139,68&page=9;;※ semper
tweꝰ;file:Zaborowski_Polona.djvu?djvuopts=&highlight=1141,952,120,75&page=9;;※ twego
simbolũ;file:Zaborowski_Polona.djvu?djvuopts=&highlight=655,900,197,68&page=9;;※ simbolum
apoﬅolorũ;file:Zaborowski_Polona.djvu?djvuopts=&highlight=843,891,246,65&page=9;sic!;※ apostolicum
wechmogα̨ceꝰ;file:Zaborowski_Polona.djvu?djvuopts=&highlight=652,841,353,70&page=9;;※ wssechmoga̷cego
iedineꝰ;file:Zaborowski_Polona.djvu?djvuopts=&highlight=757,786,173,61&page=9;;※ iedinego
naffeꝰ;file:Zaborowski_Polona.djvu?djvuopts=&highlight=1030,779,161,66&page=9;;※ nasego
Põtſkẽ;file:Zaborowski_Polona.djvu?djvuopts=&highlight=1364,704,181,96&page=9;1 PL;※ Pontskim
10;file:Zaborowski_Polona.djvu?djvuopts=&highlight=393,2667,137,68&page=10;;※ strony B
Pilatẽ;file:Zaborowski_Polona.djvu?djvuopts=&highlight=393,2667,137,68&page=10;PL;※ Pilatem
vkfriʒoũ;file:Zaborowski_Polona.djvu?djvuopts=&highlight=541,2672,189,59&page=10;PL;※ vkṙiżouan
trfeceͦ;file:Zaborowski_Polona.djvu?djvuopts=&highlight=1539,2672,131,70&page=10;PL;※ t᷑rec̈ego
wfechmogαceͦ;file:Zaborowski_Polona.djvu?djvuopts=&highlight=389,2558,359,50&page=10;;※ wssechmoga̷cego
amẽ;file:Zaborowski_Polona.djvu?djvuopts=&highlight=1600,2435,130,73&page=10;;※ amen
p̃cepta;file:Zaborowski_Polona.djvu?djvuopts=&highlight=595,1259,164,52&page=10;;※ precepta
euãgeiice;file:Zaborowski_Polona.djvu?djvuopts=&highlight=864,1247,209,71&page=10;;※ euangelice
ꝓ;file:Zaborowski_Polona.djvu?djvuopts=&highlight=575,1072,57,73&page=10;;※ pro
exẽplo;file:Zaborowski_Polona.djvu?djvuopts=&highlight=634,1091,141,54&page=10;;※ exemplo
tñ;file:Zaborowski_Polona.djvu?djvuopts=&highlight=1111,1072,66,75&page=10;sic!;※ tum
ꝗa;file:Zaborowski_Polona.djvu?djvuopts=&highlight=1164,1068,72,70&page=10;;※ quia
ꝗbuſdã;file:Zaborowski_Polona.djvu?djvuopts=&highlight=1291,1072,173,68&page=10;;※ quibusdam
tũ;file:Zaborowski_Polona.djvu?djvuopts=&highlight=614,1031,68,55&page=10;;※ tum
cõmunia;file:Zaborowski_Polona.djvu?djvuopts=&highlight=805,1022,200,59&page=10;;※ communia
quẽlibet;file:Zaborowski_Polona.djvu?djvuopts=&highlight=1348,1011,195,77&page=10;;※ quemlibet
dñicam;file:Zaborowski_Polona.djvu?djvuopts=&highlight=534,966,175,72&page=10;;※ dominicam
orationẽ;file:Zaborowski_Polona.djvu?djvuopts=&highlight=805,966,193,56&page=10;;※ orationem
ſalutatione;file:Zaborowski_Polona.djvu?djvuopts=&highlight=1016,961,236,68&page=10;;※ salutationem
ſemp;file:Zaborowski_Polona.djvu?djvuopts=&highlight=1507,959,138,66&page=10;;※ semper
simbolũ;file:Zaborowski_Polona.djvu?djvuopts=&highlight=486,904,198,80&page=10;;※ simbolum
qͦ;file:Zaborowski_Polona.djvu?djvuopts=&highlight=1670,895,103,73&page=10;;※ quoque
canonicas;file:Zaborowski_Polona.djvu?djvuopts=&highlight=982,841,268,72&page=10;;※ canonicasque
apoﬅolorũ;file:Zaborowski_Polona.djvu?djvuopts=&highlight=1245,850,239,54&page=10;;※ apostolorum
oꝑa;file:Zaborowski_Polona.djvu?djvuopts=&highlight=589,786,104,64&page=10;;※ opera
quę;file:Zaborowski_Polona.djvu?djvuopts=&highlight=966,800,134,59&page=10;; ※ que
deni;file:Zaborowski_Polona.djvu?djvuopts=&highlight=1089,795,161,62&page=10;;※ denique
&;file:Zaborowski_Polona.djvu?djvuopts=&highlight=1566,788,73,55&page=10;; ※ et
celũ;file:Zaborowski_Polona.djvu?djvuopts=&highlight=1664,791,136,52&page=10;;※ celum
em̃;file:Zaborowski_Polona.djvu?djvuopts=&highlight=859,729,93,66&page=10;;※ enim
Primũ;file:Zaborowski_Polona.djvu?djvuopts=&highlight=1132,720,163,77&page=10;;※ Primum
&;file:Zaborowski_Polona.djvu?djvuopts=&highlight=1716,716,79,77&page=10;; ※ et
11;file:Zaborowski_Polona.djvu?djvuopts=&highlight=307,2672,93,57&page=11;; ※ strony B
hęc;file:Zaborowski_Polona.djvu?djvuopts=&highlight=307,2672,93,57&page=11;sic!; ※ hec
om̃ia;file:Zaborowski_Polona.djvu?djvuopts=&highlight=393,2663,143,68&page=11;;※ omnia
adĳcient᷑;file:Zaborowski_Polona.djvu?djvuopts=&highlight=520,2663,194,68&highlight=607,2667,118,64&page=11;;※ adiicentur
ꝗd̃;file:Zaborowski_Polona.djvu?djvuopts=&highlight=850,2649,161,89&page=11;;※ quid
em̃;file:Zaborowski_Polona.djvu?djvuopts=&highlight=850,2649,161,89&page=11;;※ enim
em̃;file:Zaborowski_Polona.djvu?djvuopts=&highlight=939,2672,81,50&page=11;;※ enim
idẽ;file:Zaborowski_Polona.djvu?djvuopts=&highlight=1055,2663,93,68&page=11;;※ idem
mundũ;file:Zaborowski_Polona.djvu?djvuopts=&highlight=680,2604,172,65&page=11;;※ mundum
detrimentũ;file:Zaborowski_Polona.djvu?djvuopts=&highlight=1070,2601,266,71&page=11;;※ detrimentum
quã;file:Zaborowski_Polona.djvu?djvuopts=&highlight=561,2545,98,65&page=11;;※ quam
cōmutationē;file:Zaborowski_Polona.djvu?djvuopts=&highlight=782,2547,291,66&page=11;;※ commutationem
quẽlibet;file:Zaborowski_Polona.djvu?djvuopts=&highlight=236,2476,180,69&page=11;;※ quemlibet
crﬅianũ;file:Zaborowski_Polona.djvu?djvuopts=&highlight=550,2479,175,70&page=11;;※ cristianum
vitã;file:Zaborowski_Polona.djvu?djvuopts=&highlight=1055,2481,102,77&page=11;;※ vitam
quę;file:Zaborowski_Polona.djvu?djvuopts=&highlight=1411,2485,91,64&page=11;; ※ que
dulciſ;file:Zaborowski_Polona.djvu?djvuopts=&highlight=377,2424,175,71&page=11;;※ dulcisque
&;file:Zaborowski_Polona.djvu?djvuopts=&highlight=868,2429,66,68&page=11;; ※ et
em̃;file:Zaborowski_Polona.djvu?djvuopts=&highlight=1218,2445,82,45&page=11;;※ enim
ſolũ;file:Zaborowski_Polona.djvu?djvuopts=&highlight=1386,2433,109,77&page=11;;※ solum
qͦ;file:Zaborowski_Polona.djvu?djvuopts=&highlight=723,2370,97,75&page=11;;※ quoque
oñdunt;file:Zaborowski_Polona.djvu?djvuopts=&highlight=814,2376,163,62&page=11;;※ ostendunt
em̃;file:Zaborowski_Polona.djvu?djvuopts=&highlight=1334,2381,75,59&page=11;;※ enim
Tulliũ;file:Zaborowski_Polona.djvu?djvuopts=&highlight=214,2315,166,73&page=11;;※ Tullium
duoſ;file:Zaborowski_Polona.djvu?djvuopts=&highlight=959,2315,166,55&page=11;;※ duosque
animarũ;file:Zaborowski_Polona.djvu?djvuopts=&highlight=1266,2317,195,53&page=11;;※ animarum
excedẽtiũ;file:Zaborowski_Polona.djvu?djvuopts=&highlight=330,2249,245,59&page=11;;※ excedentium
quę;file:Zaborowski_Polona.djvu?djvuopts=&highlight=909,2258,86,59&page=11;; ※ que
at;file:Zaborowski_Polona.djvu?djvuopts=&highlight=1325,2247,95,75&page=11;;※ atque
&;file:Zaborowski_Polona.djvu?djvuopts=&highlight=450,2201,70,66&page=11;; ※ et
libidinibꝰ;file:Zaborowski_Polona.djvu?djvuopts=&highlight=548,2199,234,68&page=11;;※ libidinibus
violẽda;file:Zaborowski_Polona.djvu?djvuopts=&highlight=1334,2197,150,61&page=11;sic!;※ violanda
deuiũ;file:Zaborowski_Polona.djvu?djvuopts=&highlight=634,2142,141,57&page=11;;※ deuium
quoddã;file:Zaborowski_Polona.djvu?djvuopts=&highlight=755,2120,188,84&page=11;;※ quoddam
cõſilio;file:Zaborowski_Polona.djvu?djvuopts=&highlight=1343,2142,162,62&page=11;;※ consilio
quę;file:Zaborowski_Polona.djvu?djvuopts=&highlight=305,2072,152,66&page=11;; ※ que
caﬅas;file:Zaborowski_Polona.djvu?djvuopts=&highlight=818,2072,175,68&page=11;;※ castasque
effent;file:Zaborowski_Polona.djvu?djvuopts=&highlight=1232,2083,179,57&page=11;;※ essentque
vitã;file:Zaborowski_Polona.djvu?djvuopts=&highlight=545,2015,105,68&page=11;;※ vitam
deorũ;file:Zaborowski_Polona.djvu?djvuopts=&highlight=798,2017,138,60&page=11;;※ deorum
ꝗbus;file:Zaborowski_Polona.djvu?djvuopts=&highlight=1177,2024,132,53&page=11;;※ quibus
&;file:Zaborowski_Polona.djvu?djvuopts=&highlight=586,1906,46,70&page=11;; ※ et
cõfirmata;file:Zaborowski_Polona.djvu?djvuopts=&highlight=920,1906,220,56&page=11;;※ confirmata?
̈;file:Zaborowski_Polona.djvu?djvuopts=&highlight=1368,1896,74,84&page=11;;※ quam
humanã;file:Zaborowski_Polona.djvu?djvuopts=&highlight=1408,1838,194,68&page=11;;※ humanam
bonũ;file:Zaborowski_Polona.djvu?djvuopts=&highlight=852,1790,124,60&page=11;;※ bonum
ꝗc̈;file:Zaborowski_Polona.djvu?djvuopts=&highlight=972,1770,114,76&page=11;;※ quicquam
exiﬅimandũ;file:Zaborowski_Polona.djvu?djvuopts=&highlight=1090,1790,268,44&page=11;;※ existimandum
q;file:Zaborowski_Polona.djvu?djvuopts=&highlight=372,1730,78,60&page=11;;※ quod
vtilitatẽ;file:Zaborowski_Polona.djvu?djvuopts=&highlight=1156,1740,178,44&page=11;;※ vtilitatem
igit᷑;file:Zaborowski_Polona.djvu?djvuopts=&highlight=1486,1718,114,76&page=11;;※ igitur
ſemꝑ;file:Zaborowski_Polona.djvu?djvuopts=&highlight=402,1656,128,70&page=11;;※ semper
om̃es;file:Zaborowski_Polona.djvu?djvuopts=&highlight=1076,1668,130,56&page=11;;※ omnes
ſecũdum;file:Zaborowski_Polona.djvu?djvuopts=&highlight=1496,1672,100,60&highlight=232,1610,108,62&page=11;;※ secundum
aũt;file:Zaborowski_Polona.djvu?djvuopts=&highlight=802,1610,88,64&page=11;;※ autem
honeﬅũ;file:Zaborowski_Polona.djvu?djvuopts=&highlight=1402,1616,200,54&page=11;;※ honestum
iuﬅũ;file:Zaborowski_Polona.djvu?djvuopts=&highlight=580,1556,116,50&page=11;;※ iustum
iniuﬅũ;file:Zaborowski_Polona.djvu?djvuopts=&highlight=818,1548,154,66&page=11;;※ iniustum
eligendũ;file:Zaborowski_Polona.djvu?djvuopts=&highlight=1094,1554,204,64&page=11;;※ eligendum
oñdat᷑;file:Zaborowski_Polona.djvu?djvuopts=&highlight=702,1494,128,58&page=11;;※ ostendatur
deni;file:Zaborowski_Polona.djvu?djvuopts=&highlight=942,1494,158,52&page=11;;※ denique
ꝓphetarum;file:Zaborowski_Polona.djvu?djvuopts=&highlight=1274,1494,262,62&page=11;;※ prophetarum
ſigmentorũ;file:Zaborowski_Polona.djvu?djvuopts=&highlight=280,1420,278,86&page=11;;※ figmentorum
&;file:Zaborowski_Polona.djvu?djvuopts=&highlight=1166,1438,72,62&page=11;; ※ et
paganorũ;file:Zaborowski_Polona.djvu?djvuopts=&highlight=628,1372,224,60&page=11;;※ paganorum
