q̄ꝫ̄;file:Zaborowski_MBC.djvu?djvuopts=&highlight=456,1261,77,84&page=1;U+0304 COMBINING MACRON;※ quam
carmē;file:Zaborowski_MBC.djvu?djvuopts=&highlight=202,1225,135,65&page=1;U+0304 COMBINING MACRON;※ Carmen
modū;file:Zaborowski_MBC.djvu?djvuopts=&highlight=683,1174,141,54&page=1;U+0304 COMBINING MACRON;※ modum
uigīti;file:Zaborowski_MBC.djvu?djvuopts=&highlight=1051,1560,143,57&page=2;U+0304 COMBINING MACRON;※ uiginti
eadē;file:Zaborowski_MBC.djvu?djvuopts=&highlight=893,1316,95,43&page=2;U+0304 COMBINING MACRON;※ eadem
hn̄t;file:Zaborowski_MBC.djvu?djvuopts=&highlight=1027,1181,93,66&page=2;U+0304 COMBINING MACRON;※ habent
triplicē;file:Zaborowski_MBC.djvu?djvuopts=&highlight=959,822,140,55&page=2;U+0304 COMBINING MACRON;※ triplicem
maxīe;file:Zaborowski_MBC.djvu?djvuopts=&highlight=1045,702,114,52&page=2;U+0304 COMBINING MACRON;※ maxime
abreuiatiōe;file:Zaborowski_MBC.djvu?djvuopts=&highlight=1203,693,73,67&highlight=436,622,180,63&page=2;U+0304 COMBINING MACRON;※ abreuiatione
ꝓductiōe;file:Zaborowski_MBC.djvu?djvuopts=&highlight=653,628,180,58&page=2;U+0304 COMBINING MACRON;※ productione
vocaliū;file:Zaborowski_MBC.djvu?djvuopts=&highlight=827,622,152,66&page=2;U+0304 COMBINING MACRON;※ vocalium
ip̄i;file:Zaborowski_MBC.djvu?djvuopts=&highlight=1119,634,61,66&page=2;U+0304 COMBINING MACRON;※ ipsi
acutarū;file:Zaborowski_MBC.djvu?djvuopts=&highlight=486,567,163,53&page=2;U+0304 COMBINING MACRON;※ acutarum
vocaliū;file:Zaborowski_MBC.djvu?djvuopts=&highlight=641,568,150,51&page=2;U+0304 COMBINING MACRON;※ vocalium
grauiū;file:Zaborowski_MBC.djvu?djvuopts=&highlight=822,571,139,49&page=2;U+0304 COMBINING MACRON;※ grauium
faciāt;file:Zaborowski_MBC.djvu?djvuopts=&highlight=438,498,109,64&page=2;U+0304 COMBINING MACRON;※ faciant
quātitate;file:Zaborowski_MBC.djvu?djvuopts=&highlight=977,508,183,62&page=2;U+0304 COMBINING MACRON;※ quantitate
hn̄t;file:Zaborowski_MBC.djvu?djvuopts=&highlight=811,445,77,63&page=2;U+0304 COMBINING MACRON;※ habent
p̄ſupponũt;file:Zaborowski_MBC.djvu?djvuopts=&highlight=707,381,218,60&page=2;U+0304 COMBINING MACRON;※ presupponunt
etiā;file:Zaborowski_MBC.djvu?djvuopts=&highlight=939,389,80,44&page=2;U+0304 COMBINING MACRON;※ etiam
quātū;file:Zaborowski_MBC.djvu?djvuopts=&highlight=362,1359,121,52&page=3;U+0304 COMBINING MACRON;※ quantum
maxīe;file:Zaborowski_MBC.djvu?djvuopts=&highlight=865,1362,94,60&highlight=112,1296,62,57&page=3;U+0304 COMBINING MACRON;※ maxime
lr̄a;file:Zaborowski_MBC.djvu?djvuopts=&highlight=229,1292,61,66&page=3;U+0304 COMBINING MACRON;※ littera
eadā;file:Zaborowski_MBC.djvu?djvuopts=&highlight=668,1173,96,57&page=3;U+0304 COMBINING MACRON;※ eadem
eiſdē;file:Zaborowski_MBC.djvu?djvuopts=&highlight=189,991,104,57&page=3;U+0304 COMBINING MACRON;※ eisdem
lr̄is;file:Zaborowski_MBC.djvu?djvuopts=&highlight=287,994,81,48&page=3;U+0304 COMBINING MACRON;※ litteris
ſcribūt;file:Zaborowski_MBC.djvu?djvuopts=&highlight=613,972,138,76&page=3;U+0304 COMBINING MACRON;※ scribuntur
tn̄;file:Zaborowski_MBC.djvu?djvuopts=&highlight=892,987,70,60&page=3;U+0304 COMBINING MACRON;※ tamen
catū;file:Zaborowski_MBC.djvu?djvuopts=&highlight=142,928,123,57&page=3;U+0304 COMBINING MACRON;※ significatum
catū;file:Zaborowski_MBC.djvu?djvuopts=&highlight=111,861,122,69&page=3;U+0304 COMBINING MACRON;※ significatum
equidē;file:Zaborowski_MBC.djvu?djvuopts=&highlight=231,869,139,51&page=3;U+0304 COMBINING MACRON;※ equidem
cōﬅabāt;file:Zaborowski_MBC.djvu?djvuopts=&highlight=598,868,160,64&page=3;U+0304 COMBINING MACRON;※ constabant
ﬅeterūt;file:Zaborowski_MBC.djvu?djvuopts=&highlight=797,869,150,60&page=3;U+0304 COMBINING MACRON;※ steterunt
ntī;file:Zaborowski_MBC.djvu?djvuopts=&highlight=323,812,62,50&page=3;U+0304 COMBINING MACRON;※ nominativi
ſscribūt;file:Zaborowski_MBC.djvu?djvuopts=&highlight=476,749,134,55&page=3;U+0304 COMBINING MACRON;※ scribuntur
latinarū;file:Zaborowski_MBC.djvu?djvuopts=&highlight=372,680,164,57&page=3;U+0304 COMBINING MACRON;※ latinarum
aliarū;file:Zaborowski_MBC.djvu?djvuopts=&highlight=186,631,141,39&page=3;U+0304 COMBINING MACRON;※ aliarum,
borū;file:Zaborowski_MBC.djvu?djvuopts=&highlight=828,557,115,58&page=3;U+0304 COMBINING MACRON;※ borum
ꝺꝛ̄ias;file:Zaborowski_MBC.djvu?djvuopts=&highlight=106,499,115,55&page=3;U+0304 COMBINING MACRON;※ differentias
nō;file:Zaborowski_MBC.djvu?djvuopts=&highlight=587,500,62,51&page=3;U+0304 COMBINING MACRON;※ non
parū;file:Zaborowski_MBC.djvu?djvuopts=&highlight=648,490,102,61&page=3;U+0304 COMBINING MACRON;※ parum
multū;file:Zaborowski_MBC.djvu?djvuopts=&highlight=534,436,131,51&page=3;U+0304 COMBINING MACRON;※ multum
ꝺictionū;file:Zaborowski_MBC.djvu?djvuopts=&highlight=600,366,167,65&page=3;U+0304 COMBINING MACRON;※ dictionum
ꝺꝛ̄ia;file:Zaborowski_MBC.djvu?djvuopts=&highlight=762,371,111,59&page=3;U+0304 COMBINING MACRON;※ differentiam
pingebāt;file:Zaborowski_MBC.djvu?djvuopts=&highlight=630,1577,180,73&page=4;U+0304 COMBINING MACRON;※ pingebant
cōſonātes;file:Zaborowski_MBC.djvu?djvuopts=&highlight=1014,1577,201,70&page=4;U+0304 COMBINING MACRON;※ consonantes
bꝛeuē;file:Zaborowski_MBC.djvu?djvuopts=&highlight=818,1086,111,61&page=4;U+0304 COMBINING MACRON;※ breuem
cōpendioſaꝫ;file:Zaborowski_MBC.djvu?djvuopts=&highlight=960,1080,242,59&page=4;-m;※ compendiosam
hāc;file:Zaborowski_MBC.djvu?djvuopts=&highlight=1196,1079,102,58&page=4;U+0304 COMBINING MACRON;※ hanc
obuãdū;file:Zaborowski_MBC.djvu?djvuopts=&highlight=989,958,192,61&page=4;U+0304 COMBINING MACRON;※ obseruandum
latȋ̄s;file:Zaborowski_MBC.djvu?djvuopts=&highlight=880,835,109,68&page=4;U+0304 COMBINING MACRON;※ latinis
p̄tim;file:Zaborowski_MBC.djvu?djvuopts=&highlight=864,716,127,69&page=4;U+0304 COMBINING MACRON;※ presertim
ſiꝉimō;file:Zaborowski_MBC.djvu?djvuopts=&highlight=1026,718,129,66&page=4;U+0304 COMBINING MACRON;※ simili modo
latinarū;file:Zaborowski_MBC.djvu?djvuopts=&highlight=1111,588,167,63&page=4;U+0304 COMBINING MACRON;※ latinarum
earū;file:Zaborowski_MBC.djvu?djvuopts=&highlight=1127,522,75,64&page=4;U+0304 COMBINING MACRON;※ earum
curādi;file:Zaborowski_MBC.djvu?djvuopts=&highlight=440,463,130,68&page=4;U+0304 COMBINING MACRON;※ curandi
mutēt;file:Zaborowski_MBC.djvu?djvuopts=&highlight=661,466,122,60&page=4;U+0304 COMBINING MACRON;※ mutent
em̄;file:Zaborowski_MBC.djvu?djvuopts=&highlight=1099,469,68,60&page=4;U+0304 COMBINING MACRON;※ enim
tn̄;file:Zaborowski_MBC.djvu?djvuopts=&highlight=688,397,68,68&page=4;U+0304 COMBINING MACRON;※ tamen
nouū;file:Zaborowski_MBC.djvu?djvuopts=&highlight=530,1678,107,57&page=5;U+0304 COMBINING MACRON;※ nouum
faciūt;file:Zaborowski_MBC.djvu?djvuopts=&highlight=352,1613,109,62&page=5;U+0304 COMBINING MACRON;※ faciunt
em̄;file:Zaborowski_MBC.djvu?djvuopts=&highlight=549,1617,76,54&page=5;U+0304 COMBINING MACRON;※ enim
lr̄arū;file:Zaborowski_MBC.djvu?djvuopts=&highlight=845,1610,121,63&page=5;U+0304 COMBINING MACRON;※ litterarum
quibuſdā;file:Zaborowski_MBC.djvu?djvuopts=&highlight=658,1549,190,53&page=5;U+0304 COMBINING MACRON;※ quibusdam
pūctꝭ;file:Zaborowski_MBC.djvu?djvuopts=&highlight=853,1541,112,64&page=5;U+0304 COMBINING MACRON;※ punctis
eodē;file:Zaborowski_MBC.djvu?djvuopts=&highlight=306,1489,94,61&page=5;U+0304 COMBINING MACRON;※ eodem
mō;file:Zaborowski_MBC.djvu?djvuopts=&highlight=402,1489,72,56&page=5;U+0304 COMBINING MACRON;※ modo
cōuant;file:Zaborowski_MBC.djvu?djvuopts=&highlight=264,1430,169,59&page=5;U+0304 COMBINING MACRON;※ conseruant
rōnabiꝉir;file:Zaborowski_MBC.djvu?djvuopts=&highlight=414,1356,190,77&page=5;U+0304 COMBINING MACRON;※ rationabiliter
faciūt;file:Zaborowski_MBC.djvu?djvuopts=&highlight=657,1357,121,68&page=5;U+0304 COMBINING MACRON;※ faciunt
iā;file:Zaborowski_MBC.djvu?djvuopts=&highlight=103,1309,58,49&page=5;U+0304 COMBINING MACRON;※ iam
pūcto;file:Zaborowski_MBC.djvu?djvuopts=&highlight=438,1238,120,63&page=5;U+0304 COMBINING MACRON;※ puncto
hmōi;file:Zaborowski_MBC.djvu?djvuopts=&highlight=429,1180,113,60&page=5;U+0304 COMBINING MACRON;※ huiusmodi
ſuū;file:Zaborowski_MBC.djvu?djvuopts=&highlight=617,1176,72,64&page=5;U+0304 COMBINING MACRON;※ suum
ſonū;file:Zaborowski_MBC.djvu?djvuopts=&highlight=698,1172,96,64&page=5;U+0304 COMBINING MACRON;※ sonum
foꝛmatū;file:Zaborowski_MBC.djvu?djvuopts=&highlight=672,1119,165,52&page=5;U+0304 COMBINING MACRON;※ formatum
mutū;file:Zaborowski_MBC.djvu?djvuopts=&highlight=477,1051,128,64&page=5;U+0304 COMBINING MACRON;※ mutum
mutū;file:Zaborowski_MBC.djvu?djvuopts=&highlight=844,1052,121,57&page=5;U+0304 COMBINING MACRON;※ mutum
ſolebāt;file:Zaborowski_MBC.djvu?djvuopts=&highlight=884,989,71,63&highlight=103,941,109,62&page=5;U+0304 COMBINING MACRON;※ solebant
Cū;file:Zaborowski_MBC.djvu?djvuopts=&highlight=223,936,78,56&page=5;U+0304 COMBINING MACRON;※ Cum
hmōi;file:Zaborowski_MBC.djvu?djvuopts=&highlight=757,926,117,63&page=5;U+0304 COMBINING MACRON;※ huiusmodi
ſonū;file:Zaborowski_MBC.djvu?djvuopts=&highlight=630,864,98,68&page=5;U+0304 COMBINING MACRON;※ sonum
gr̄a;file:Zaborowski_MBC.djvu?djvuopts=&highlight=862,854,97,68&page=5;U+0304 COMBINING MACRON;※ gratia,
polonicū;file:Zaborowski_MBC.djvu?djvuopts=&highlight=446,802,187,65&page=5;U+0304 COMBINING MACRON;※ polonicum
pūcto;file:Zaborowski_MBC.djvu?djvuopts=&highlight=283,623,129,59&page=5;U+0304 COMBINING MACRON;※ puncto
hmōi;file:Zaborowski_MBC.djvu?djvuopts=&highlight=107,561,113,72&page=5;U+0304 COMBINING MACRON;※ huiusmodi
admirātis;file:Zaborowski_MBC.djvu?djvuopts=&highlight=506,555,203,64&page=5;U+0304 COMBINING MACRON;※ admirantis
ꝓlatū;file:Zaborowski_MBC.djvu?djvuopts=&highlight=404,494,125,65&page=5;U+0304 COMBINING MACRON;※ perlatum
quē;file:Zaborowski_MBC.djvu?djvuopts=&highlight=805,437,87,50&page=5;U+0304 COMBINING MACRON;※ quem
etiā;file:Zaborowski_MBC.djvu?djvuopts=&highlight=761,365,72,57&page=5;U+0304 COMBINING MACRON;※ etiam
ꝺn̄s;file:Zaborowski_MBC.djvu?djvuopts=&highlight=941,1671,86,66&page=6;U+0304 COMBINING MACRON;※ dominus
exm̄;file:Zaborowski_MBC.djvu?djvuopts=&highlight=1206,1549,88,62&page=6;U+0304 COMBINING MACRON;※ exemplum
latīe;file:Zaborowski_MBC.djvu?djvuopts=&highlight=461,1235,101,68&page=6;U+0304 COMBINING MACRON;※ latine
prīcipales;file:Zaborowski_MBC.djvu?djvuopts=&highlight=1226,924,87,70&highlight=461,862,153,67&page=6;U+0304 COMBINING MACRON;※ principales
cū;file:Zaborowski_MBC.djvu?djvuopts=&highlight=173,1663,62,67&page=7;U+0304 COMBINING MACRON;※ cum
poſitū;file:Zaborowski_MBC.djvu?djvuopts=&highlight=267,1660,139,70&page=7;U+0304 COMBINING MACRON;※ positum
āmio;file:Zaborowski_MBC.djvu?djvuopts=&highlight=646,1665,146,65&page=7;U+0304 COMBINING MACRON;※ ammisso
aūt;file:Zaborowski_MBC.djvu?djvuopts=&highlight=728,1609,77,54&page=7;U+0304 COMBINING MACRON;※ autem
nō;file:Zaborowski_MBC.djvu?djvuopts=&highlight=83,1538,67,60&page=7;U+0304 COMBINING MACRON;※ non
verū;file:Zaborowski_MBC.djvu?djvuopts=&highlight=210,1357,94,60&page=7;U+0304 COMBINING MACRON;※ verum
pūcto;file:Zaborowski_MBC.djvu?djvuopts=&highlight=527,1237,117,55&page=7;U+0304 COMBINING MACRON;※ puncto
teloneū;file:Zaborowski_MBC.djvu?djvuopts=&highlight=479,1113,152,56&page=7;U+0304 COMBINING MACRON;※ teloneum
catiōe;file:Zaborowski_MBC.djvu?djvuopts=&highlight=402,929,148,61&page=7;U+0304 COMBINING MACRON;※ significatione
fonū;file:Zaborowski_MBC.djvu?djvuopts=&highlight=189,865,89,65&page=7;U+0304 COMBINING MACRON;※ sonum
hūc;file:Zaborowski_MBC.djvu?djvuopts=&highlight=514,864,86,64&page=7;U+0304 COMBINING MACRON;※ hunc
pōt;file:Zaborowski_MBC.djvu?djvuopts=&highlight=732,675,77,60&page=7;U+0304 COMBINING MACRON;※ potest
ſup̄poſitis;file:Zaborowski_MBC.djvu?djvuopts=&highlight=801,678,99,55&highlight=63,620,144,55&page=7;U+0304 COMBINING MACRON;※ suprapositis
pūctis;file:Zaborowski_MBC.djvu?djvuopts=&highlight=510,613,129,64&page=7;U+0304 COMBINING MACRON;※ punctis
cū;file:Zaborowski_MBC.djvu?djvuopts=&highlight=136,558,56,58&page=7;U+0304 COMBINING MACRON;※ cum
pūcto;file:Zaborowski_MBC.djvu?djvuopts=&highlight=334,488,119,64&page=7;U+0304 COMBINING MACRON;※ puncto
cū;file:Zaborowski_MBC.djvu?djvuopts=&highlight=537,436,50,45&page=7;U+0304 COMBINING MACRON;※ cum
primū;file:Zaborowski_MBC.djvu?djvuopts=&highlight=306,364,133,60&page=7;U+0304 COMBINING MACRON;※ primum
tā;file:Zaborowski_MBC.djvu?djvuopts=&highlight=858,1604,57,69&page=8;U+0304 COMBINING MACRON;※ tam
ꝺictiōibus;file:Zaborowski_MBC.djvu?djvuopts=&highlight=660,1547,217,65&page=8;U+0304 COMBINING MACRON;※ dictionibus
cōeꝫ;file:Zaborowski_MBC.djvu?djvuopts=&highlight=870,1533,88,71&page=8;-m;※ communem
alterū;file:Zaborowski_MBC.djvu?djvuopts=&highlight=953,1536,124,73&page=8;U+0304 COMBINING MACRON;※ alterum
impꝛopꝛiū;file:Zaborowski_MBC.djvu?djvuopts=&highlight=1079,1544,202,54&page=8;U+0304 COMBINING MACRON;※ improprium
q̄;file:Zaborowski_MBC.djvu?djvuopts=&highlight=1286,1534,48,66&page=8;U+0304 COMBINING MACRON;※ qui
tantū;file:Zaborowski_MBC.djvu?djvuopts=&highlight=484,1483,131,59&page=8;U+0304 COMBINING MACRON;※ tantum
ꝺictiōibus;file:Zaborowski_MBC.djvu?djvuopts=&highlight=1023,1480,205,61&page=8;U+0304 COMBINING MACRON;※ dictionibus
ꝺurū;file:Zaborowski_MBC.djvu?djvuopts=&highlight=679,1424,107,54&page=8;U+0304 COMBINING MACRON;※ durum
quē;file:Zaborowski_MBC.djvu?djvuopts=&highlight=1115,1419,85,58&page=8;U+0304 COMBINING MACRON;※ quem
lr̄a;file:Zaborowski_MBC.djvu?djvuopts=&highlight=992,1357,59,67&page=8;U+0304 COMBINING MACRON;※ littera
talē;file:Zaborowski_MBC.djvu?djvuopts=&highlight=654,1239,84,63&page=8;U+0304 COMBINING MACRON;※ talem
ſolēt;file:Zaborowski_MBC.djvu?djvuopts=&highlight=1172,1231,102,62&page=8;U+0304 COMBINING MACRON;※ solent
pūcto;file:Zaborowski_MBC.djvu?djvuopts=&highlight=646,1175,122,59&page=8;U+0304 COMBINING MACRON;※ puncto
tn̄;file:Zaborowski_MBC.djvu?djvuopts=&highlight=554,982,52,68&page=8;U+0304 COMBINING MACRON;※ tamen
pōt;file:Zaborowski_MBC.djvu?djvuopts=&highlight=601,801,72,53&page=8;U+0304 COMBINING MACRON;※ potest
pūctis;file:Zaborowski_MBC.djvu?djvuopts=&highlight=908,797,141,67&page=8;U+0304 COMBINING MACRON;※ punctis
lꝛ̃arū;file:Zaborowski_MBC.djvu?djvuopts=&highlight=476,739,120,70&page=8;U+0304 COMBINING MACRON;※ litterarum
molliū;file:Zaborowski_MBC.djvu?djvuopts=&highlight=596,745,139,52&page=8;U+0304 COMBINING MACRON;※ mollium
ſignatū;file:Zaborowski_MBC.djvu?djvuopts=&highlight=730,742,145,64&page=8;U+0304 COMBINING MACRON;※ signatum
quē;file:Zaborowski_MBC.djvu?djvuopts=&highlight=1000,680,87,56&page=8;U+0304 COMBINING MACRON;※ quem
ꝺictiōibus;file:Zaborowski_MBC.djvu?djvuopts=&highlight=1074,551,198,57&page=8;U+0304 COMBINING MACRON;※ dictionibus
cū;file:Zaborowski_MBC.djvu?djvuopts=&highlight=780,433,59,46&page=8;U+0304 COMBINING MACRON;※ cum
hoꝛreū;file:Zaborowski_MBC.djvu?djvuopts=&highlight=741,358,151,64&page=8;U+0304 COMBINING MACRON;※ horreum
ꝺictiōibus;file:Zaborowski_MBC.djvu?djvuopts=&highlight=403,1632,203,53&page=9;U+0304 COMBINING MACRON;※ dictionibus
nā;file:Zaborowski_MBC.djvu?djvuopts=&highlight=644,1504,68,56&page=9;U+0304 COMBINING MACRON;※ nam
nō;file:Zaborowski_MBC.djvu?djvuopts=&highlight=323,1440,59,63&page=9;U+0304 COMBINING MACRON;※ non
cõſonā;file:Zaborowski_MBC.djvu?djvuopts=&highlight=602,1435,138,67&page=9;U+0304 COMBINING MACRON;※ consonam
ſcribūtur;file:Zaborowski_MBC.djvu?djvuopts=&highlight=737,1444,182,58&page=9;U+0304 COMBINING MACRON;※ scribuntur
nō;file:Zaborowski_MBC.djvu?djvuopts=&highlight=453,1012,64,51&page=9;U+0304 COMBINING MACRON;※ non
cōſone;file:Zaborowski_MBC.djvu?djvuopts=&highlight=166,700,127,66&page=9;U+0304 COMBINING MACRON;※ consone
maioꝛ̄;file:Zaborowski_MBC.djvu?djvuopts=&highlight=803,1680,120,46&page=10;sic! maiorus?;※ maior (U)
nāqꝫ;file:Zaborowski_MBC.djvu?djvuopts=&highlight=916,1666,103,76&page=10;U+0304 COMBINING MACRON;※ namque
quē;file:Zaborowski_MBC.djvu?djvuopts=&highlight=1249,1424,90,60&page=10;U+0304 COMBINING MACRON;※ quem
ꝺictiōibꝰ;file:Zaborowski_MBC.djvu?djvuopts=&highlight=1067,1358,182,73&page=10;U+0304 COMBINING MACRON;※ dictionibus
durū;file:Zaborowski_MBC.djvu?djvuopts=&highlight=807,1054,109,60&page=10;U+0304 COMBINING MACRON;※ durum
etiā;file:Zaborowski_MBC.djvu?djvuopts=&highlight=1254,805,89,63&page=10;U+0304 COMBINING MACRON;※ etiam
īpꝛopꝛius;file:Zaborowski_MBC.djvu?djvuopts=&highlight=1185,687,157,63&highlight=479,625,77,51&page=10;U+0304 COMBINING MACRON;※ improprius
īmutata;file:Zaborowski_MBC.djvu?djvuopts=&highlight=739,492,175,64&page=10;U+0304 COMBINING MACRON;※ immutata
eā;file:Zaborowski_MBC.djvu?djvuopts=&highlight=782,439,43,54&page=10;U+0304 COMBINING MACRON;※ eam
ſignabāt;file:Zaborowski_MBC.djvu?djvuopts=&highlight=282,1587,165,71&page=11;U+0304 COMBINING MACRON;※ signabant
ꝺuplabāt;file:Zaborowski_MBC.djvu?djvuopts=&highlight=43,1458,194,66&page=11;U+0304 COMBINING MACRON;※ duplabant
dꝛīa;file:Zaborowski_MBC.djvu?djvuopts=&highlight=418,1463,86,63&page=11;U+0304 COMBINING MACRON;※ differentia
eodē;file:Zaborowski_MBC.djvu?djvuopts=&highlight=721,1413,99,52&page=11;U+0304 COMBINING MACRON;※ eodem
em̄;file:Zaborowski_MBC.djvu?djvuopts=&highlight=818,1402,71,70&page=11;U+0304 COMBINING MACRON;※ enim
ſonāt;file:Zaborowski_MBC.djvu?djvuopts=&highlight=126,1337,102,65&page=11;U+0304 COMBINING MACRON;※ sonant
ſctūs;file:Zaborowski_MBC.djvu?djvuopts=&highlight=614,855,100,54&page=11;U+0304 COMBINING MACRON;※ sanctus
hmōi;file:Zaborowski_MBC.djvu?djvuopts=&highlight=757,856,117,59&page=11;U+0304 COMBINING MACRON;※ huiusmodi
ꝺictōnibus;file:Zaborowski_MBC.djvu?djvuopts=&highlight=767,659,134,70&highlight=47,603,131,59&page=11;U+0304 COMBINING MACRON;※ dictionibus
ip̄am;file:Zaborowski_MBC.djvu?djvuopts=&highlight=517,590,111,70&page=11;U+0304 COMBINING MACRON;※ ipsam
ꝺictiōibus;file:Zaborowski_MBC.djvu?djvuopts=&highlight=195,471,210,71&page=11;U+0304 COMBINING MACRON;※ dictionibus
mollē;file:Zaborowski_MBC.djvu?djvuopts=&highlight=805,479,104,50&highlight=51,420,45,51&page=11;U+0304 COMBINING MACRON;※ mollem
naturā;file:Zaborowski_MBC.djvu?djvuopts=&highlight=571,347,136,59&page=11;U+0304 COMBINING MACRON;※ naturam
īterduꝫ;file:Zaborowski_MBC.djvu?djvuopts=&highlight=1004,1354,157,68&page=12;U+0304 COMBINING MACRON;※ interdum
latinū;file:Zaborowski_MBC.djvu?djvuopts=&highlight=1183,1113,126,56&page=12;U+0304 COMBINING MACRON; ※ latinum
ſillabā;file:Zaborowski_MBC.djvu?djvuopts=&highlight=811,602,125,83&page=12;U+0304 COMBINING MACRON;※ sillabam
cā;file:Zaborowski_MBC.djvu?djvuopts=&highlight=1241,492,71,60&page=12;U+0304 COMBINING MACRON;※ causa
ſillabā;file:Zaborowski_MBC.djvu?djvuopts=&highlight=580,1525,128,67&page=13;U+0304 COMBINING MACRON;※ sillabam
talē;file:Zaborowski_MBC.djvu?djvuopts=&highlight=263,984,84,49&page=13;U+0304 COMBINING MACRON;※ talem
latīo;file:Zaborowski_MBC.djvu?djvuopts=&highlight=589,980,94,63&page=13;U+0304 COMBINING MACRON;※ latino
ē;file:Zaborowski_MBC.djvu?djvuopts=&highlight=322,865,39,56&page=13;U+0304 COMBINING MACRON;※ est
ſepifīe;file:Zaborowski_MBC.djvu?djvuopts=&highlight=518,729,156,57&page=13;U+0304 COMBINING MACRON;※ sepissime
latīo;file:Zaborowski_MBC.djvu?djvuopts=&highlight=721,544,102,66&page=13;U+0304 COMBINING MACRON;※ latino
talē;file:Zaborowski_MBC.djvu?djvuopts=&highlight=834,1638,90,68&page=14;U+0304 COMBINING MACRON;※ talem
vocāt;file:Zaborowski_MBC.djvu?djvuopts=&highlight=1054,1391,106,64&page=14;U+0304 COMBINING MACRON;※ vocant
ꝺiſcrepās;file:Zaborowski_MBC.djvu?djvuopts=&highlight=558,1212,195,52&page=14;U+0304 COMBINING MACRON;※ discrepans
itē;file:Zaborowski_MBC.djvu?djvuopts=&highlight=755,1205,85,78&page=14;U+0304 COMBINING MACRON;※ item
nr̄;file:Zaborowski_MBC.djvu?djvuopts=&highlight=1166,1517,54,56&page=16;U+0304 COMBINING MACRON;※ noster
vn̄;file:Zaborowski_MBC.djvu?djvuopts=&highlight=585,1472,62,51&page=16;U+0304 COMBINING MACRON;※ vnde
ꝛ̄iũ;file:Zaborowski_MBC.djvu?djvuopts=&highlight=640,1526,109,74&page=17;U+0304 COMBINING MACRON;※ proprium
ꝺictiōibus;file:Zaborowski_MBC.djvu?djvuopts=&highlight=332,1481,206,59&page=17;U+0304 COMBINING MACRON;※ dictionibus
etiā;file:Zaborowski_MBC.djvu?djvuopts=&highlight=162,1234,104,65&page=17;U+0304 COMBINING MACRON;※ etiam
ꝺuplicē;file:Zaborowski_MBC.djvu?djvuopts=&highlight=262,1228,154,65&page=17;U+0304 COMBINING MACRON;※ duplicem
ſonū;file:Zaborowski_MBC.djvu?djvuopts=&highlight=510,1226,98,75&page=17;U+0304 COMBINING MACRON;※ sonum
ꝛiū;file:Zaborowski_MBC.djvu?djvuopts=&highlight=626,1218,123,75&page=17;U+0304 COMBINING MACRON;※ proprium
vnā;file:Zaborowski_MBC.djvu?djvuopts=&highlight=564,486,89,56&page=17;U+0304 COMBINING MACRON;※ vnam
gn̄aleꝫ;file:Zaborowski_MBC.djvu?djvuopts=&highlight=643,481,132,65&page=17;U+0304 COMBINING MACRON;※ generalem
excedētes;file:Zaborowski_MBC.djvu?djvuopts=&highlight=383,373,189,65&page=17;U+0304 COMBINING MACRON;※ excedentes
ſignētur;file:Zaborowski_MBC.djvu?djvuopts=&highlight=529,1690,162,59&page=18;U+0304 COMBINING MACRON;※ signentur
pūcto;file:Zaborowski_MBC.djvu?djvuopts=&highlight=1043,1680,69,67&highlight=254,1652,57,51&page=18;U+0304 COMBINING MACRON;※ puncto
lixuiū;file:Zaborowski_MBC.djvu?djvuopts=&highlight=496,1611,126,53&page=18;U+0304 COMBINING MACRON;※ lixiuium
collū;file:Zaborowski_MBC.djvu?djvuopts=&highlight=1042,1597,67,47&highlight=245,1572,54,57&page=18;U+0304 COMBINING MACRON;※ collum
excedētes;file:Zaborowski_MBC.djvu?djvuopts=&highlight=551,1557,197,63&page=18;U+0304 COMBINING MACRON;※ excedentes
pūctis;file:Zaborowski_MBC.djvu?djvuopts=&highlight=538,1525,118,53&page=18;U+0304 COMBINING MACRON;※ punctis
ſignāt;file:Zaborowski_MBC.djvu?djvuopts=&highlight=578,1340,112,56&page=18;U+0304 COMBINING MACRON;※ signant
ſic̄;file:Zaborowski_MBC.djvu?djvuopts=&highlight=860,1350,50,51&page=18;sic!;※ sic
pūcto;file:Zaborowski_MBC.djvu?djvuopts=&highlight=304,1318,109,27&page=18;U+0304 COMBINING MACRON;※ puncto
ꝺifferētia;file:Zaborowski_MBC.djvu?djvuopts=&highlight=559,1261,171,57&page=18;U+0304 COMBINING MACRON;※ differentia
grecū;file:Zaborowski_MBC.djvu?djvuopts=&highlight=1004,1245,102,58&highlight=239,1232,63,44&page=18;U+0304 COMBINING MACRON; ※ graecum
ſcribātur;file:Zaborowski_MBC.djvu?djvuopts=&highlight=284,1218,183,58&page=18;U+0304 COMBINING MACRON;※ scribantur
vtrū;file:Zaborowski_MBC.djvu?djvuopts=&highlight=496,1223,119,50&page=18;U+0304 COMBINING MACRON;※ vtrumque
Hoꝛū;file:Zaborowski_MBC.djvu?djvuopts=&highlight=414,1175,122,63&page=18;U+0304 COMBINING MACRON;※ Horum
aūt;file:Zaborowski_MBC.djvu?djvuopts=&highlight=530,1173,68,48&page=18;U+0304 COMBINING MACRON;※ autem
ſcribūtur;file:Zaborowski_MBC.djvu?djvuopts=&highlight=793,1175,181,54&page=18;U+0304 COMBINING MACRON;※ scribuntur
rctē;file:Zaborowski_MBC.djvu?djvuopts=&highlight=555,1137,78,46&page=18;U+0304 COMBINING MACRON;※ recte
ſonāt;file:Zaborowski_MBC.djvu?djvuopts=&highlight=664,1134,110,49&page=18;U+0304 COMBINING MACRON;※ sonant
q̇dē;file:Zaborowski_MBC.djvu?djvuopts=&highlight=917,1131,68,52&page=18;U+0304 COMBINING MACRON;※ quidem
ē;file:Zaborowski_MBC.djvu?djvuopts=&highlight=973,1138,46,41&page=18;U+0304 COMBINING MACRON;※ est
ꝺictū;file:Zaborowski_MBC.djvu?djvuopts=&highlight=495,1096,106,46&page=18;U+0304 COMBINING MACRON;※ dictum
nā;file:Zaborowski_MBC.djvu?djvuopts=&highlight=971,1090,53,47&page=18;U+0304 COMBINING MACRON;※ nam
om̄es;file:Zaborowski_MBC.djvu?djvuopts=&highlight=856,1011,111,54&page=18;U+0304 COMBINING MACRON;※ omnes
nūc;file:Zaborowski_MBC.djvu?djvuopts=&highlight=490,883,62,47&page=18;U+0304 COMBINING MACRON;※ nunc
alphabetū;file:Zaborowski_MBC.djvu?djvuopts=&highlight=564,871,189,55&page=18;U+0304 COMBINING MACRON;※ alphabetum
polonicū;file:Zaborowski_MBC.djvu?djvuopts=&highlight=748,880,181,49&page=18;U+0304 COMBINING MACRON;※ polonicum
harū;file:Zaborowski_MBC.djvu?djvuopts=&highlight=502,592,93,65&page=18;U+0304 COMBINING MACRON;※ harum
litterarū;file:Zaborowski_MBC.djvu?djvuopts=&highlight=588,591,157,48&page=18;U+0304 COMBINING MACRON;※ litterarum
ꝺebēt;file:Zaborowski_MBC.djvu?djvuopts=&highlight=690,546,118,54&page=18;U+0304 COMBINING MACRON;※debent
quoꝛū;file:Zaborowski_MBC.djvu?djvuopts=&highlight=667,508,116,41&page=18;U+0304 COMBINING MACRON;※ quorum
aptā;file:Zaborowski_MBC.djvu?djvuopts=&highlight=789,506,86,40&page=18;U+0304 COMBINING MACRON;※ aptam
ꝺifferentiā;file:Zaborowski_MBC.djvu?djvuopts=&highlight=871,506,200,47&page=18;U+0304 COMBINING MACRON;※ differentiam
em̄;file:Zaborowski_MBC.djvu?djvuopts=&highlight=657,468,71,43&page=18;U+0304 COMBINING MACRON;※ enim
differētias;file:Zaborowski_MBC.djvu?djvuopts=&highlight=237,374,188,49&page=18;U+0304 COMBINING MACRON;※ differentias
amē;file:Zaborowski_MBC.djvu?djvuopts=&highlight=143,1042,92,49&page=19;U+0304 COMBINING MACRON;※ amen
amē;file:Zaborowski_MBC.djvu?djvuopts=&highlight=812,767,108,64&page=19;U+0304 COMBINING MACRON;※ amen
simbolū;file:Zaborowski_MBC.djvu?djvuopts=&highlight=182,713,240,76&page=19;U+0304 COMBINING MACRON;※ simbolum
apoﬆoloꝛū;file:Zaborowski_MBC.djvu?djvuopts=&highlight=421,708,316,77&page=19;sic!;※ apostolicum
decē;file:Zaborowski_MBC.djvu?djvuopts=&highlight=585,1286,145,67&page=20;U+0304 COMBINING MACRON;※ decem
euāgelice;file:Zaborowski_MBC.djvu?djvuopts=&highlight=817,468,161,57&page=20;U+0304 COMBINING MACRON;※ euangelice
tū;file:Zaborowski_MBC.djvu?djvuopts=&highlight=814,713,45,51&page=21;U+0304 COMBINING MACRON;※ tum
q̄buſdā;file:Zaborowski_MBC.djvu?djvuopts=&highlight=988,703,44,54&highlight=287,677,107,46&page=21;U+0304 COMBINING MACRON;※ quibusdam
tū;file:Zaborowski_MBC.djvu?djvuopts=&highlight=821,670,44,54&page=21;U+0304 COMBINING MACRON;※ tum
cōmunia;file:Zaborowski_MBC.djvu?djvuopts=&highlight=969,664,51,49&highlight=171,629,138,57&page=21;U+0304 COMBINING MACRON;※ communia
nā;file:Zaborowski_MBC.djvu?djvuopts=&highlight=307,634,77,47&page=21;U+0304 COMBINING MACRON;※ nam
criﬅtianū;file:Zaborowski_MBC.djvu?djvuopts=&highlight=761,629,161,49&page=21;U+0304 COMBINING MACRON;※ cristianum
dn̄icam;file:Zaborowski_MBC.djvu?djvuopts=&highlight=172,595,158,49&page=21;U+0304 COMBINING MACRON;※ dominicam
oꝛationē;file:Zaborowski_MBC.djvu?djvuopts=&highlight=421,593,145,44&page=21;U+0304 COMBINING MACRON;※ orationem
ſalutationē;file:Zaborowski_MBC.djvu?djvuopts=&highlight=579,580,198,63&page=21;U+0304 COMBINING MACRON;※ salutationem
simbolū;file:Zaborowski_MBC.djvu?djvuopts=&highlight=440,538,186,64&page=21;U+0304 COMBINING MACRON;※ simbolum
pctā;file:Zaborowski_MBC.djvu?djvuopts=&highlight=272,501,81,49&page=21;U+0304 COMBINING MACRON;※ peccata
apoﬅtolorū;file:Zaborowski_MBC.djvu?djvuopts=&highlight=538,454,205,50&page=21;U+0304 COMBINING MACRON;※ apostolorum
ſpūs;file:Zaborowski_MBC.djvu?djvuopts=&highlight=741,458,107,41&page=21;U+0304 COMBINING MACRON;※ spiritus
anīe;file:Zaborowski_MBC.djvu?djvuopts=&highlight=919,414,97,45&page=21;U+0304 COMBINING MACRON;※ anime
celū;file:Zaborowski_MBC.djvu?djvuopts=&highlight=249,376,83,51&page=21;U+0304 COMBINING MACRON;※ celum
em̄;file:Zaborowski_MBC.djvu?djvuopts=&highlight=670,371,64,47&page=21;U+0304 COMBINING MACRON;※ enim	
ṗmū;file:Zaborowski_MBC.djvu?djvuopts=&highlight=911,361,102,59&page=21;U+0304 COMBINING MACRON;※ primum
regnū;file:Zaborowski_MBC.djvu?djvuopts=&highlight=309,327,121,53&page=21;U+0304 COMBINING MACRON;※ regnum
om̄ia;file:Zaborowski_MBC.djvu?djvuopts=&highlight=672,323,98,48&page=21;U+0304 COMBINING MACRON;※ omnia
em̄;file:Zaborowski_MBC.djvu?djvuopts=&highlight=611,1728,72,56&page=22;U+0304 COMBINING MACRON;※ enim
idē;file:Zaborowski_MBC.djvu?djvuopts=&highlight=717,1713,78,62&page=22;U+0304 COMBINING MACRON;※ idem
mūdū;file:Zaborowski_MBC.djvu?djvuopts=&highlight=648,1667,113,71&page=22;U+0304 COMBINING MACRON;※ mundum
ꝺetrimentū;file:Zaborowski_MBC.djvu?djvuopts=&highlight=959,1648,212,60&page=22;U+0304 COMBINING MACRON;※ detrimentum
aīe;file:Zaborowski_MBC.djvu?djvuopts=&highlight=438,1649,72,53&page=22;niewyraźne;※ anime
quā;file:Zaborowski_MBC.djvu?djvuopts=&highlight=736,1626,71,49&page=22;U+0304 COMBINING MACRON;※ quam
commotationē;file:Zaborowski_MBC.djvu?djvuopts=&highlight=915,1595,268,69&page=22;U+0304 COMBINING MACRON;※ commutationem
aīa;file:Zaborowski_MBC.djvu?djvuopts=&highlight=1200,1598,74,53&page=22;U+0304 COMBINING MACRON;※ anima
ceterū;file:Zaborowski_MBC.djvu?djvuopts=&highlight=510,1598,122,59&page=22;U+0304 COMBINING MACRON;※ ceterum
quēlibet;file:Zaborowski_MBC.djvu?djvuopts=&highlight=636,1587,144,64&page=22;U+0304 COMBINING MACRON;※ quemlibet
criſtianū;file:Zaborowski_MBC.djvu?djvuopts=&highlight=877,1563,162,66&page=22;U+0304 COMBINING MACRON;※ Cristianum
hāc;file:Zaborowski_MBC.djvu?djvuopts=&highlight=1191,1551,86,59&page=22;U+0304 COMBINING MACRON;※ hanc
vitā;file:Zaborowski_MBC.djvu?djvuopts=&highlight=437,1554,89,68&page=22;U+0304 COMBINING MACRON;※ vitam
aliā;file:Zaborowski_MBC.djvu?djvuopts=&highlight=617,1548,94,56&page=22;U+0304 COMBINING MACRON;※ aliam
em̄;file:Zaborowski_MBC.djvu?djvuopts=&highlight=828,1490,74,58&page=22;U+0304 COMBINING MACRON;※ enim
ſolū;file:Zaborowski_MBC.djvu?djvuopts=&highlight=962,1475,86,71&page=22;U+0304 COMBINING MACRON;※ solum
ip̄a;file:Zaborowski_MBC.djvu?djvuopts=&highlight=482,1472,82,51&page=22;U+0304 COMBINING MACRON;※ ipsa
on̄dūr;file:Zaborowski_MBC.djvu?djvuopts=&highlight=813,1454,129,45&page=22;U+0304 COMBINING MACRON;※ ostendunt
em̄;file:Zaborowski_MBC.djvu?djvuopts=&highlight=422,1435,77,56&page=22;U+0304 COMBINING MACRON;※ enim
Tulliū;file:Zaborowski_MBC.djvu?djvuopts=&highlight=643,1413,128,60&page=22;U+0304 COMBINING MACRON;※ Tullium
aīarū;file:Zaborowski_MBC.djvu?djvuopts=&highlight=676,1369,99,57&page=22;U+0304 COMBINING MACRON;※ animarum
nā;file:Zaborowski_MBC.djvu?djvuopts=&highlight=473,1341,70,61&page=22;U+0304 COMBINING MACRON;※ nam
inq̄naſſent;file:Zaborowski_MBC.djvu?djvuopts=&highlight=1119,1294,134,63&highlight=410,1307,81,50&page=22;U+0304 COMBINING MACRON;※ inquinassent
īcepient;file:Zaborowski_MBC.djvu?djvuopts=&highlight=664,1237,178,63&page=22;U+0304 COMBINING MACRON;※ incepissent
ꝺeuū;file:Zaborowski_MBC.djvu?djvuopts=&highlight=899,1228,123,53&page=22;U+0304 COMBINING MACRON;※ deuium
quoddā;file:Zaborowski_MBC.djvu?djvuopts=&highlight=1022,1216,150,56&page=22;U+0304 COMBINING MACRON;※ quoddam
autē;file:Zaborowski_MBC.djvu?djvuopts=&highlight=1018,1176,92,56&page=22;U+0304 COMBINING MACRON;※ autem
eēnt;file:Zaborowski_MBC.djvu?djvuopts=&highlight=755,1135,120,68&page=22;U+0304 COMBINING MACRON;※ essentque
hūanis;file:Zaborowski_MBC.djvu?djvuopts=&highlight=1060,1132,140,49&page=22;U+0304 COMBINING MACRON;※ humanis
vitā;file:Zaborowski_MBC.djvu?djvuopts=&highlight=1191,1134,59,42&highlight=403,1147,49,47&page=22;U+0304 COMBINING MACRON;※ vitam
quidē;file:Zaborowski_MBC.djvu?djvuopts=&highlight=378,961,121,64&page=22;U+0304 COMBINING MACRON;※ quidem
humanā;file:Zaborowski_MBC.djvu?djvuopts=&highlight=1013,915,158,61&page=22;U+0304 COMBINING MACRON;※ humanam
vitā;file:Zaborowski_MBC.djvu?djvuopts=&highlight=658,899,79,66&page=22;U+0304 COMBINING MACRON;※ vitam
bonū;file:Zaborowski_MBC.djvu?djvuopts=&highlight=802,884,108,74&page=22;U+0304 COMBINING MACRON;※ bonum
quic̄;file:Zaborowski_MBC.djvu?djvuopts=&highlight=899,878,138,59&page=22;U+0304 COMBINING MACRON;※ quicquam
exiﬅimandū;file:Zaborowski_MBC.djvu?djvuopts=&highlight=1034,872,184,57&highlight=353,882,88,55&&page=22;U+0304 COMBINING MACRON;※ existimandum
vitā;file:Zaborowski_MBC.djvu?djvuopts=&highlight=824,852,77,51&page=22;U+0304 COMBINING MACRON;※ vitam
alterā;file:Zaborowski_MBC.djvu?djvuopts=&highlight=895,849,118,47&page=22;U+0304 COMBINING MACRON;※ alteram
vtilitatē;file:Zaborowski_MBC.djvu?djvuopts=&highlight=482,829,141,59&page=22;U+0304 COMBINING MACRON;※ vtilitatem
eloq̄a;file:Zaborowski_MBC.djvu?djvuopts=&highlight=883,793,109,56&page=22;U+0304 COMBINING MACRON;※ eloquia
an̄;file:Zaborowski_MBC.djvu?djvuopts=&highlight=366,796,63,51&page=22;U+0304 COMBINING MACRON;※ ante
maxīe;file:Zaborowski_MBC.djvu?djvuopts=&highlight=563,731,107,66&page=22;U+0304 COMBINING MACRON;※ maxime
aūt;file:Zaborowski_MBC.djvu?djvuopts=&highlight=664,737,69,44&page=22;U+0304 COMBINING MACRON;※ autem
honeﬅū;file:Zaborowski_MBC.djvu?djvuopts=&highlight=1113,699,114,59&highlight=373,703,94,62&page=22;U+0304 COMBINING MACRON;※ honestum
iuſtū;file:Zaborowski_MBC.djvu?djvuopts=&highlight=754,678,111,62&page=22;U+0304 COMBINING MACRON;※ iustum
iniuſtū;file:Zaborowski_MBC.djvu?djvuopts=&highlight=957,662,141,70&page=22;U+0304 COMBINING MACRON;※ iniustum
eligendū;file:Zaborowski_MBC.djvu?djvuopts=&highlight=349,656,183,65&page=22;U+0304 COMBINING MACRON;※ eligendum
ſugiendū;file:Zaborowski_MBC.djvu?djvuopts=&highlight=666,637,183,62&page=22;U+0304 COMBINING MACRON;※ fugiendum
on̄dat᷑;file:Zaborowski_MBC.djvu?djvuopts=&highlight=1062,618,115,53&page=22;U+0304 COMBINING MACRON;※ostendatur
ꝓphetarū;file:Zaborowski_MBC.djvu?djvuopts=&highlight=733,588,182,59&page=22;U+0304 COMBINING MACRON;※ prophetarum
ſigmentorū;file:Zaborowski_MBC.djvu?djvuopts=&highlight=995,577,202,58&highlight=352,584,54,50&page=22;U+0304 COMBINING MACRON;※ figmentorum
poetarū;file:Zaborowski_MBC.djvu?djvuopts=&highlight=400,568,151,63&page=22;U+0304 COMBINING MACRON;※ poetarum
teﬅamēti;file:Zaborowski_MBC.djvu?djvuopts=&highlight=1044,530,148,69&highlight=328,540,60,48&page=22;U+0304 COMBINING MACRON;※ Testamenti
hiſtoꝛiarū;file:Zaborowski_MBC.djvu?djvuopts=&highlight=467,521,193,70&page=22;U+0304 COMBINING MACRON;※ historiarum
paganoꝛū;file:Zaborowski_MBC.djvu?djvuopts=&highlight=655,511,184,63&page=22;U+0304 COMBINING MACRON;※ paganorum
quodā;file:Zaborowski_MBC.djvu?djvuopts=&highlight=780,456,113,56&page=22;U+0304 COMBINING MACRON;※ quodam
