Polonicũ;file:Zaborowski_Polona.djvu?djvuopts=&highlight=602,1952,216,63&page=1;;※ Polonicum
Ioãnis;file:Zaborowski_Polona.djvu?djvuopts=&highlight=652,1833,143,64&page=1;;※ Ioannis
Bodmanẽſis;file:Zaborowski_Polona.djvu?djvuopts=&highlight=973,1822,268,75&page=1;;※ Bodmanensis
iuuentutẽ;file:Zaborowski_Polona.djvu?djvuopts=&highlight=795,1765,235,78&page=1;sic! błąd Urbańczyka?;※ iuuentututem
modũ;file:Zaborowski_Polona.djvu?djvuopts=&highlight=1080,1768,154,56&page=1;;※ modum
Cãdida;file:Zaborowski_Polona.djvu?djvuopts=&highlight=425,1654,170,70&page=1;;※ Candida
libellũ;file:Zaborowski_Polona.djvu?djvuopts=&highlight=1193,1520,66,59&highlight=1134,1463,127,73&page=1;;※ libellum
formã;file:Zaborowski_Polona.djvu?djvuopts=&highlight=580,1477,131,61&page=1;;※ formam
modũ';file:Zaborowski_Polona.djvu?djvuopts=&highlight=984,1472,139,59&page=1;;※ modum
q̃libet;file:Zaborowski_Polona.djvu?djvuopts=&highlight=759,1415,164,71&page=1;Urbańczyk:quęlibet;※  quaelibet
nũc;file:Zaborowski_Polona.djvu?djvuopts=&highlight=805,1347,90,71&page=1;;※ nunc
em̃;file:Zaborowski_Polona.djvu?djvuopts=&highlight=584,1300,84,56&page=1;;※ enim
Polonicũ;file:Zaborowski_Polona.djvu?djvuopts=&highlight=800,2620,218,70&page=2;;※ Polonicum
̃;file:Zaborowski_Polona.djvu?djvuopts=&highlight=1182,2608,68,68&page=2;;※ quam
diﬀerẽtes;file:Zaborowski_Polona.djvu?djvuopts=&highlight=1441,2547,218,82&page=2;;※ differentes
ponũt;file:Zaborowski_Polona.djvu?djvuopts=&highlight=1764,2547,75,68&highlight=843,2501,82,64&page=2;;※ ponunt
noﬅũ;file:Zaborowski_Polona.djvu?djvuopts=&highlight=950,2438,139,70&page=2;;※ nostrum
põt;file:Zaborowski_Polona.djvu?djvuopts=&highlight=1489,2431,118,73&page=2;;※ potest
quãtũ;file:Zaborowski_Polona.djvu?djvuopts=&highlight=1714,2422,131,84&page=2;;※ quantum
eadẽ;file:Zaborowski_Polona.djvu?djvuopts=&highlight=1205,2379,113,63&page=2;;※ eadem
etiã;file:Zaborowski_Polona.djvu?djvuopts=&highlight=1386,2313,103,70&page=2;;※ etiam
grãmaticos;file:Zaborowski_Polona.djvu?djvuopts=&highlight=1664,2311,170,68&highlight=834,2261,116,61%09&page=2;;※ grammaticos
habẽt;file:Zaborowski_Polona.djvu?djvuopts=&highlight=1416,2256,159,70&page=2;;※ habent
aliquãdo;file:Zaborowski_Polona.djvu?djvuopts=&highlight=964,2208,200,64&page=2;;※ aliquando
aliquãdo;file:Zaborowski_Polona.djvu?djvuopts=&highlight=1318,2197,196,64&page=2;;※ aliquando
aliquãdo;file:Zaborowski_Polona.djvu?djvuopts=&highlight=736,2149,225,68&page=2;;※ aliquando
aliquãdo;file:Zaborowski_Polona.djvu?djvuopts=&highlight=1107,2145,218,68&page=2;;※ aliquando
itẽ;file:Zaborowski_Polona.djvu?djvuopts=&highlight=1514,2145,86,68&page=2;;※ item
aliquãdo;file:Zaborowski_Polona.djvu?djvuopts=&highlight=941,2090,211,64&page=2;;※ aliquando
aliquãdo;file:Zaborowski_Polona.djvu?djvuopts=&highlight=1364,2083,202,62&page=2;;※ aliquando
circũſ‍lec‍tit᷑;file:Zaborowski_Polona.djvu?djvuopts=&highlight=1566,2077,275,72&page=2;;※ circumflectitur
aliquãdo;file:Zaborowski_Polona.djvu?djvuopts=&highlight=916,2033,204,53&page=2;;※ aliquando
aliqnãdo;file:Zaborowski_Polona.djvu?djvuopts=&highlight=1300,2011,193,81&page=2;;※ aliquando
circũf‍lec‍tinr;file:Zaborowski_Polona.djvu?djvuopts=&highlight=543,1963,275,57&page=2;sic!;※ circumflectitur
quedã;file:Zaborowski_Polona.djvu?djvuopts=&highlight=1318,1958,150,66&page=2;;※ quedam
em̃;file:Zaborowski_Polona.djvu?djvuopts=&highlight=1273,1902,84,68&page=2;;※ enim
cõpoſitione;file:Zaborowski_Polona.djvu?djvuopts=&highlight=1589,1904,266,54&page=2;;※ compositione
produc‍tiõe;file:Zaborowski_Polona.djvu?djvuopts=&highlight=1584,1843,271,56&page=2;;※ productione
̃ꝗ̃;file:Zaborowski_Polona.djvu?djvuopts=&highlight=752,1777,89,75&page=2;;※ quamquam
vocaliũ;file:Zaborowski_Polona.djvu?djvuopts=&highlight=1268,1779,171,79&page=2;;※ vocalium
habẽt;file:Zaborowski_Polona.djvu?djvuopts=&highlight=1043,1672,132,52&page=2;;※ habent
preſupponũt;file:Zaborowski_Polona.djvu?djvuopts=&highlight=459,1613,302,55&page=2;;※ presupponunt
nõ;file:Zaborowski_Polona.djvu?djvuopts=&highlight=1675,1613,93,55&page=2;;※ non
tñ;file:Zaborowski_Polona.djvu?djvuopts=&highlight=1318,1490,59,64&page=2;;※ tamen
quantũ;file:Zaborowski_Polona.djvu?djvuopts=&highlight=902,1370,168,59&page=2;;※ quantum
cũ;file:Zaborowski_Polona.djvu?djvuopts=&highlight=1686,1375,73,59&page=2;;※ cum
diõibus;file:Zaborowski_Polona.djvu?djvuopts=&highlight=695,1243,228,79&page=2;;※ dictionibus
em̃;file:Zaborowski_Polona.djvu?djvuopts=&highlight=1407,1247,102,73&page=2;;※ enim
plerũ;file:Zaborowski_Polona.djvu?djvuopts=&highlight=1370,1181,171,84&page=2;;※ plerumque
diiõis;file:Zaborowski_Polona.djvu?djvuopts=&highlight=1532,1193,182,66&page=2;;※ dictionis
exm̃;file:Zaborowski_Polona.djvu?djvuopts=&highlight=757,1129,109,68&page=2;;※ exemplum
ſrcibũtur;file:Zaborowski_Polona.djvu?djvuopts=&highlight=727,1068,223,63&page=2;;※ scribuntur
ſignificarũ;file:Zaborowski_Polona.djvu?djvuopts=&highlight=1195,1081,246,50&page=2;;※ significatum
ſignificatũ;file:Zaborowski_Polona.djvu?djvuopts=&highlight=880,1016,238,68&page=2;;※ significatum
ſteterũt;file:Zaborowski_Polona.djvu?djvuopts=&highlight=632,956,179,71&page=2;;※ steterunt
ntĩ;file:Zaborowski_Polona.djvu?djvuopts=&highlight=984,956,82,73&page=2;;※ nominativi
diﬅionũ;file:Zaborowski_Polona.djvu?djvuopts=&highlight=1657,904,213,50&page=2;;※ dictionum
latinarũ;file:Zaborowski_Polona.djvu?djvuopts=&highlight=468,845,191,71&page=2;;※ latinarum
multarũ;file:Zaborowski_Polona.djvu?djvuopts=&highlight=1032,832,193,65&page=2;;※ multarum
quarũ;file:Zaborowski_Polona.djvu?djvuopts=&highlight=1405,836,143,66&page=2;;※ quarum
eiſdẽ;file:Zaborowski_Polona.djvu?djvuopts=&highlight=1720,843,155,70&page=2;;※ eisdem
ſcribũtur;file:Zaborowski_Polona.djvu?djvuopts=&highlight=623,784,204,61&page=2;;※ scribuntur
tñ;file:Zaborowski_Polona.djvu?djvuopts=&highlight=977,775,55,70&page=2;;※ tamen
eorũ;file:Zaborowski_Polona.djvu?djvuopts=&highlight=1030,782,118,59&page=2;;※ eorum
multũ;file:Zaborowski_Polona.djvu?djvuopts=&highlight=382,2685,159,57&page=3;;※ multum
aũt;file:Zaborowski_Polona.djvu?djvuopts=&highlight=1239,2690,100,66&page=3;;※ autem
diﬀerentiã;file:Zaborowski_Polona.djvu?djvuopts=&highlight=352,2629,253,68&page=3;;※ differentiam
quarũ;file:Zaborowski_Polona.djvu?djvuopts=&highlight=420,2572,141,63&page=3;;※ quarum
rotundũ;file:Zaborowski_Polona.djvu?djvuopts=&highlight=1191,2454,214,66&page=3;;※ rotundum
multiplicauerũt;file:Zaborowski_Polona.djvu?djvuopts=&highlight=441,2395,348,68&page=3;;※ multiplicauerunt
quadragenariũ;file:Zaborowski_Polona.djvu?djvuopts=&highlight=243,2340,334,55&page=3;;※ quadragenarium
numerũ;file:Zaborowski_Polona.djvu?djvuopts=&highlight=827,2340,198,59&page=3;;※ numerum
ym̃o;file:Zaborowski_Polona.djvu?djvuopts=&highlight=448,2272,118,61&page=3;;※ ymmo
cõtinebat;file:Zaborowski_Polona.djvu?djvuopts=&highlight=1057,2274,218,64&page=3;;※ continebat
aũt;file:Zaborowski_Polona.djvu?djvuopts=&highlight=1364,2279,79,59&page=3;;※ autem
hmõi;file:Zaborowski_Polona.djvu?djvuopts=&highlight=568,2222,134,64&page=3;;※ huiusmodi
aũt;file:Zaborowski_Polona.djvu?djvuopts=&highlight=909,2211,118,70&page=3;;※ autem
breuẽ;file:Zaborowski_Polona.djvu?djvuopts=&highlight=1430,2211,165,63&page=3;;※ breuem
cõpendioſam;file:Zaborowski_Polona.djvu?djvuopts=&highlight=273,2154,284,59&page=3;;※ compendiosam
dorinã;file:Zaborowski_Polona.djvu?djvuopts=&highlight=927,2156,193,66&page=3;;※ doctrinam
relinquẽdo;file:Zaborowski_Polona.djvu?djvuopts=&highlight=1450,2154,134,70&highlight=184,2095,168,59&page=3;;※ relinquendo
precipuũ;file:Zaborowski_Polona.djvu?djvuopts=&highlight=652,2099,203,66&page=3;;※ precipuum
obſeruandũ;file:Zaborowski_Polona.djvu?djvuopts=&highlight=868,2099,268,64&page=3;;※ obseruandum
litterarũ;file:Zaborowski_Polona.djvu?djvuopts=&highlight=1273,2102,191,63&page=3;;※ litterarum
fignificatũ;file:Zaborowski_Polona.djvu?djvuopts=&highlight=566,2040,239,62&page=3;;※ significatum
hñt;file:Zaborowski_Polona.djvu?djvuopts=&highlight=1057,2042,102,60&page=3;;※ habent
diiõibus;file:Zaborowski_Polona.djvu?djvuopts=&highlight=1155,2038,231,64&page=3;;※ dictionibus
em̃;file:Zaborowski_Polona.djvu?djvuopts=&highlight=1448,2033,86,73&page=3;;※ enim
accõmodauimꝰ;file:Zaborowski_Polona.djvu?djvuopts=&highlight=675,1990,343,48&page=3;;※ accomodauimus
om̃ino;file:Zaborowski_Polona.djvu?djvuopts=&highlight=1300,1983,143,57&page=3;;※ omnino
ſignificatiõibꝰ;file:Zaborowski_Polona.djvu?djvuopts=&highlight=614,1915,302,71&page=3;;※ significationibus
om̃ia;file:Zaborowski_Polona.djvu?djvuopts=&highlight=1291,1868,129,49&page=3;;※ omnia
ſignificatũ;file:Zaborowski_Polona.djvu?djvuopts=&highlight=398,1799,222,69&page=3;;※ significatum
latinarũ;file:Zaborowski_Polona.djvu?djvuopts=&highlight=820,1808,173,62&page=3;;※ latinarum
litterarũ;file:Zaborowski_Polona.djvu?djvuopts=&highlight=1002,1804,175,61&page=3;;※ latinarum
earũ;file:Zaborowski_Polona.djvu?djvuopts=&highlight=566,1745,127,63&page=3;;※ earum
tũc;file:Zaborowski_Polona.djvu?djvuopts=&highlight=345,1688,75,70&page=3;;※ tunc
em̃;file:Zaborowski_Polona.djvu?djvuopts=&highlight=430,1690,72,57&page=3;;※ enim
eadẽ;file:Zaborowski_Polona.djvu?djvuopts=&highlight=784,1688,125,55&page=3;;※ eadem
tñ;file:Zaborowski_Polona.djvu?djvuopts=&highlight=911,1681,64,55&page=3;;※ tamen
nouũ;file:Zaborowski_Polona.djvu?djvuopts=&highlight=891,1627,127,59&page=3;;※ nouum
faciũt;file:Zaborowski_Polona.djvu?djvuopts=&highlight=257,1570,127,75&page=3;;※ faciunt
em̃;file:Zaborowski_Polona.djvu?djvuopts=&highlight=545,1563,105,64&page=3;;※ enim
litterarũ;file:Zaborowski_Polona.djvu?djvuopts=&highlight=925,1570,198,63&page=3;;※ litterarum
latinarũ;file:Zaborowski_Polona.djvu?djvuopts=&highlight=1114,1568,186,75&page=3;;※ latinarum
ꝗbuſdã;file:Zaborowski_Polona.djvu?djvuopts=&highlight=368,1502,184,68&page=3;;※ quibusdam
eodẽ;file:Zaborowski_Polona.djvu?djvuopts=&highlight=970,1493,191,95&page=3;;※ eodem
mõ;file:Zaborowski_Polona.djvu?djvuopts=&highlight=1077,1504,80,75&page=3;;※ modo
cõferuant;file:Zaborowski_Polona.djvu?djvuopts=&highlight=502,1447,225,71&page=3;;※ conseruant
bñ;file:Zaborowski_Polona.djvu?djvuopts=&highlight=255,1393,90,61&page=3;;※ bene
ratiõabilitᷣ;file:Zaborowski_Polona.djvu?djvuopts=&highlight=373,1390,243,66&page=3;wątpliwy diakryt;※ rationabiliter
faciũt;file:Zaborowski_Polona.djvu?djvuopts=&highlight=657,1390,141,66&page=3;;※ faciunt
litterarũ;file:Zaborowski_Polona.djvu?djvuopts=&highlight=1141,1393,193,66&page=3;;※ litterarum
cũ;file:Zaborowski_Polona.djvu?djvuopts=&highlight=305,1329,40,68&page=3;;※ cum
hmõi;file:Zaborowski_Polona.djvu?djvuopts=&highlight=1225,1325,130,81&page=3;;※ huiusmodi
ſonũ;file:Zaborowski_Polona.djvu?djvuopts=&highlight=200,1265,116,78&page=3;;※ sonum
infirmorũ;file:Zaborowski_Polona.djvu?djvuopts=&highlight=443,1272,237,57&page=3;;※ infirmorum
formatũ;file:Zaborowski_Polona.djvu?djvuopts=&highlight=884,1268,202,70&page=3;;※ formatum
mutũ;file:Zaborowski_Polona.djvu?djvuopts=&highlight=561,1218,130,57&page=3;;※ mutum
etiã;file:Zaborowski_Polona.djvu?djvuopts=&highlight=727,1213,103,68&page=3;;※ etiam
ſeq̃nte;file:Zaborowski_Polona.djvu?djvuopts=&highlight=943,1211,157,66&page=3;;※ sequente
ꝗdã;file:Zaborowski_Polona.djvu?djvuopts=&highlight=1168,1193,93,88&page=3;;※ quidam
cũ;file:Zaborowski_Polona.djvu?djvuopts=&highlight=514,1159,104,72&page=3;;※ cum
hmõi;file:Zaborowski_Polona.djvu?djvuopts=&highlight=1227,1154,121,66&page=3;;※ huiusmodi
raucũ;file:Zaborowski_Polona.djvu?djvuopts=&highlight=427,1097,143,64&page=3;;※ raucum
ſonũ;file:Zaborowski_Polona.djvu?djvuopts=&highlight=675,1093,127,66&page=3;;※ sonum
gr̃a;file:Zaborowski_Polona.djvu?djvuopts=&highlight=955,1077,100,91&page=3;;※ gratia
diiõis;file:Zaborowski_Polona.djvu?djvuopts=&highlight=534,1027,168,79&page=3;;※ dictionis
oratiõe;file:Zaborowski_Polona.djvu?djvuopts=&highlight=975,1034,175,61&page=3;;※ oratione
aũt;file:Zaborowski_Polona.djvu?djvuopts=&highlight=741,981,109,48&page=3;;※ autem
cũ;file:Zaborowski_Polona.djvu?djvuopts=&highlight=1509,925,86,59&page=3;;※ cum
hm̃oi;file:Zaborowski_Polona.djvu?djvuopts=&highlight=1109,861,127,70&page=3;;※ huiusmodi
ſonũ;file:Zaborowski_Polona.djvu?djvuopts=&highlight=582,804,129,62&page=3;;※ sonum
ꝓlatũ;file:Zaborowski_Polona.djvu?djvuopts=&highlight=1009,797,159,62&page=3;;※ perlatum
dñs;file:Zaborowski_Polona.djvu?djvuopts=&highlight=1602,2679,78,79&page=4;;※ dominus
ſignificatũ;file:Zaborowski_Polona.djvu?djvuopts=&highlight=555,2576,243,68&page=4;;※ significatum
dic‍tionũ;file:Zaborowski_Polona.djvu?djvuopts=&highlight=816,2567,189,75&page=4;;※ dictionum
exm̃;file:Zaborowski_Polona.djvu?djvuopts=&highlight=1391,2554,114,79&page=4;;※ exemplum
erũt;file:Zaborowski_Polona.djvu?djvuopts=&highlight=632,2458,113,71&page=4;;※ erunt
dic‍tiões;file:Zaborowski_Polona.djvu?djvuopts=&highlight=832,2449,173,82&page=4;;※ dictiones
tribulũ;file:Zaborowski_Polona.djvu?djvuopts=&highlight=1532,2379,173,61&page=4;;※ tribulum
cũ;file:Zaborowski_Polona.djvu?djvuopts=&highlight=1093,2338,68,59&page=4;;※ cum
pũo;file:Zaborowski_Polona.djvu?djvuopts=&highlight=1148,2333,138,66&page=4;;※ puncto
idẽ;file:Zaborowski_Polona.djvu?djvuopts=&highlight=1098,2272,70,77&page=4;;※ idem
durũ;file:Zaborowski_Polona.djvu?djvuopts=&highlight=811,2224,119,68&page=4;;※ durum
ſufficiũt;file:Zaborowski_Polona.djvu?djvuopts=&highlight=1348,2147,197,77&page=4;;※ sufficiunt
cũ;file:Zaborowski_Polona.djvu?djvuopts=&highlight=780,1992,56,69&page=4;;※ cum
cõſillabicũ;file:Zaborowski_Polona.djvu?djvuopts=&highlight=1082,1972,254,77&page=4;;※ consilabicum
ſonũ;file:Zaborowski_Polona.djvu?djvuopts=&highlight=402,1933,143,62&page=4;;※ sonum
dic‍tiõibus;file:Zaborowski_Polona.djvu?djvuopts=&highlight=720,1927,232,56&page=4;;※ dictionibus
nũ̃;file:Zaborowski_Polona.djvu?djvuopts=&highlight=1441,1908,114,66&page=4;;※ nunquam
dr̃;file:Zaborowski_Polona.djvu?djvuopts=&highlight=1466,1852,75,72&page=4;;※ dicitur
hmõi;file:Zaborowski_Polona.djvu?djvuopts=&highlight=732,1802,150,75&page=4;;※ huiusmodi
dñt;file:Zaborowski_Polona.djvu?djvuopts=&highlight=1684,1788,125,77&page=4;;※ debent
verũ;file:Zaborowski_Polona.djvu?djvuopts=&highlight=432,1752,120,61&page=4;;※ verum
cũ;file:Zaborowski_Polona.djvu?djvuopts=&highlight=577,1745,82,68&page=4;;※ cum
poſitũ;file:Zaborowski_Polona.djvu?djvuopts=&highlight=695,1736,150,77&page=4;;※ positum
aſpiratiõem;file:Zaborowski_Polona.djvu?djvuopts=&highlight=1377,1731,271,68&page=4;;※ aspirationem
aũt;file:Zaborowski_Polona.djvu?djvuopts=&highlight=802,1690,89,55&page=4;;※ autem
nõ;file:Zaborowski_Polona.djvu?djvuopts=&highlight=1007,1683,84,73&page=4;;※ non
verũ;file:Zaborowski_Polona.djvu?djvuopts=&highlight=1343,1559,127,56&page=4;;※ verum
durũ;file:Zaborowski_Polona.djvu?djvuopts=&highlight=1211,1502,130,57&page=4;;※ durum
aliarũ;file:Zaborowski_Polona.djvu?djvuopts=&highlight=1582,1490,132,75&page=4;;※ aliarum
durarũ;file:Zaborowski_Polona.djvu?djvuopts=&highlight=1714,1497,91,59&&highlight=439,1452,77,54page=4;;※ durarum
litterarũ;file:Zaborowski_Polona.djvu?djvuopts=&highlight=511,1449,205,69&page=4;;※ litterarum
põt;file:Zaborowski_Polona.djvu?djvuopts=&highlight=707,1440,88,75&page=4;;※ potest
teloneũ;file:Zaborowski_Polona.djvu?djvuopts=&highlight=1368,1381,189,50&page=4;;※ teloneum
alienũ;file:Zaborowski_Polona.djvu?djvuopts=&highlight=982,1329,154,59&page=4;;※ alienum
nõ;file:Zaborowski_Polona.djvu?djvuopts=&highlight=943,1263,68,77&page=4;;※ non
pũc‍to;file:Zaborowski_Polona.djvu?djvuopts=&highlight=1491,1243,134,82&page=4;;※ puncto
ſignificatiõe;file:Zaborowski_Polona.djvu?djvuopts=&highlight=941,1204,291,73&page=4;;※ significatione
aliũ;file:Zaborowski_Polona.djvu?djvuopts=&highlight=1448,1197,111,66&page=4;;※ alium
ſonũ;file:Zaborowski_Polona.djvu?djvuopts=&highlight=1680,1200,115,70&page=4;;※ sonum
ſequẽte;file:Zaborowski_Polona.djvu?djvuopts=&highlight=1109,1136,177,75&page=4;;※ sequente
templũ;file:Zaborowski_Polona.djvu?djvuopts=&highlight=1005,1081,177,73&page=4;;※ templum
põt;file:Zaborowski_Polona.djvu?djvuopts=&highlight=1211,1022,82,71&page=4;;※ potest
pũc‍tis;file:Zaborowski_Polona.djvu?djvuopts=&highlight=482,975,145,72&page=4;;※ punctis
cũ;file:Zaborowski_Polona.djvu?djvuopts=&highlight=1423,961,61,68&page=4;;※ cum
vtrũ;file:Zaborowski_Polona.djvu?djvuopts=&highlight=1645,954,153,66&page=4;;※ vtrumque
primũ;file:Zaborowski_Polona.djvu?djvuopts=&highlight=698,909,145,77&page=4;;※ primum
dionẽ;file:Zaborowski_Polona.djvu?djvuopts=&highlight=1334,902,175,75&page=4;;※ dictionem
Polonicã;file:Zaborowski_Polona.djvu?djvuopts=&highlight=1509,893,207,70&page=4;;※ polonicam
habentẽ;file:Zaborowski_Polona.djvu?djvuopts=&highlight=1693,900,130,56&highlight=395,859,160,66&page=4;;※ habentem
ſequẽte;file:Zaborowski_Polona.djvu?djvuopts=&highlight=570,861,198,73&page=4;;※ sequente
cõtingat;file:Zaborowski_Polona.djvu?djvuopts=&highlight=1173,838,191,80&page=4;;※ contingat
ſępenũero;file:Zaborowski_Polona.djvu?djvuopts=&highlight=559,795,252,80&page=4;8+2 Urbańczyk: sępenumero;※ saepenumero
noĩbus;file:Zaborowski_Polona.djvu?djvuopts=&highlight=1136,788,171,64&page=4;;※ nominibus
tũc;file:Zaborowski_Polona.djvu?djvuopts=&highlight=1336,786,59,68&page=4;;※ tunc
neceſſariũ;file:Zaborowski_Polona.djvu?djvuopts=&highlight=1398,786,225,64&page=4;;※ necessarium
idẽ;file:Zaborowski_Polona.djvu?djvuopts=&highlight=1416,725,98,75&page=4;;※ item
quacũ;file:Zaborowski_Polona.djvu?djvuopts=&highlight=527,2679,168,72&page=5;;※ quacumque
aũt;file:Zaborowski_Polona.djvu?djvuopts=&highlight=1152,2674,98,68&page=5;;※ autem
vnũ;file:Zaborowski_Polona.djvu?djvuopts=&highlight=1007,2492,98,66&page=5;;※ vnum
ꝓpriũ;file:Zaborowski_Polona.djvu?djvuopts=&highlight=1105,2488,152,66&page=5;;※ proprium
tã;file:Zaborowski_Polona.djvu?djvuopts=&highlight=1245,2497,64,52&page=5;;※ tam
̃;file:Zaborowski_Polona.djvu?djvuopts=&highlight=1409,2474,86,77&page=5;;※ quam
dic‍tiõibus;file:Zaborowski_Polona.djvu?djvuopts=&highlight=350,2445,239,63&page=5;;※ dictionibus
cõem;file:Zaborowski_Polona.djvu?djvuopts=&highlight=584,2445,141,63&page=5;;※ communem
impropriũ;file:Zaborowski_Polona.djvu?djvuopts=&highlight=855,2435,250,62&page=5;;※ improprium
tm̃;file:Zaborowski_Polona.djvu?djvuopts=&highlight=1136,2440,82,55&page=5;;※ tantum
dic‍tiõibꝰ;file:Zaborowski_Polona.djvu?djvuopts=&highlight=357,2379,207,75&page=5;;※ dictionibus
mollẽ;file:Zaborowski_Polona.djvu?djvuopts=&highlight=720,2390,148,50&page=5;;※ mollem
durũ;file:Zaborowski_Polona.djvu?djvuopts=&highlight=909,2383,118,62&page=5;;※ durum
quẽ;file:Zaborowski_Polona.djvu?djvuopts=&highlight=1395,2372,87,59&page=5;;※ quem
Quidã;file:Zaborowski_Polona.djvu?djvuopts=&highlight=686,2258,166,59&page=5;;※ Quidam
talẽ;file:Zaborowski_Polona.djvu?djvuopts=&highlight=1095,2254,105,68&page=5;;※ talem
ſonũ;file:Zaborowski_Polona.djvu?djvuopts=&highlight=1202,2265,109,55&page=5;;※ sonum
vñ;file:Zaborowski_Polona.djvu?djvuopts=&highlight=1280,2199,88,57&page=5;;※ vnde
tñ;file:Zaborowski_Polona.djvu?djvuopts=&highlight=859,2083,55,68&page=5;;※ tamen
tanꝗ̃;file:Zaborowski_Polona.djvu?djvuopts=&highlight=177,2017,123,78&page=5;;※ tamquam
aũt;file:Zaborowski_Polona.djvu?djvuopts=&highlight=573,2027,68,65&page=5;;※ autem
põt;file:Zaborowski_Polona.djvu?djvuopts=&highlight=1057,1961,79,81&page=5;;※ potest
litterarũ;file:Zaborowski_Polona.djvu?djvuopts=&highlight=482,1915,200,68&page=5;;※ litterarum
ſignatũ;file:Zaborowski_Polona.djvu?djvuopts=&highlight=875,1904,166,75&page=5;;※ signatum
quẽ;file:Zaborowski_Polona.djvu?djvuopts=&highlight=655,1847,106,64&page=5;;※ quem
cũ;file:Zaborowski_Polona.djvu?djvuopts=&highlight=739,1854,86,63&page=5;;※ cum
cõſyllabicũ;file:Zaborowski_Polona.djvu?djvuopts=&highlight=1075,1845,243,63&page=5;;※ consyllabicum
dic‍tiõibus;file:Zaborowski_Polona.djvu?djvuopts=&highlight=1505,1838,102,70&highlight=184,1795,189,63&page=5;;※ dictionibus
ditiõibus;file:Zaborowski_Polona.djvu?djvuopts=&highlight=832,1790,229,78&page=5;; ※ dictionibus
deũ.;file:Zaborowski_Polona.djvu?djvuopts=&highlight=698,1729,95,68&page=5;;※ deum
cũ;file:Zaborowski_Polona.djvu?djvuopts=&highlight=970,1729,75,68&page=5;;※ cum
gũno.;file:Zaborowski_Polona.djvu?djvuopts=&highlight=327,1670,121,68&page=5;;※ gumno
horreũ;file:Zaborowski_Polona.djvu?djvuopts=&highlight=486,1674,162,69&page=5;;※ horreum
aũt;file:Zaborowski_Polona.djvu?djvuopts=&highlight=1109,1665,91,64&page=5;;※ autem
cũ;file:Zaborowski_Polona.djvu?djvuopts=&highlight=532,1613,77,73&page=5;;※ cum
cõſyllabicũ;file:Zaborowski_Polona.djvu?djvuopts=&highlight=716,1613,254,64&page=5;;※ consillabicum
cõfone;file:Zaborowski_Polona.djvu?djvuopts=&highlight=1059,1604,155,79&page=5;;※ consone
gimnaſiũ.;file:Zaborowski_Polona.djvu?djvuopts=&highlight=175,1540,227,75&page=5;;※ gimnasium
tñ;file:Zaborowski_Polona.djvu?djvuopts=&highlight=550,1552,86,70&page=5;;※ tamen
nõ;file:Zaborowski_Polona.djvu?djvuopts=&highlight=620,1561,75,68&page=5;;※ non
ieiuniũ.;file:Zaborowski_Polona.djvu?djvuopts=&highlight=920,1552,166,68&page=5;;※ ieiunium
cõſonam;file:Zaborowski_Polona.djvu?djvuopts=&highlight=350,1486,209,77&page=5;;※ consonam
qñ;file:Zaborowski_Polona.djvu?djvuopts=&highlight=755,1495,97,68&page=5;;※ quando
aũt;file:Zaborowski_Polona.djvu?djvuopts=&highlight=857,1493,77,61&page=5;;※ autem
cõſone;file:Zaborowski_Polona.djvu?djvuopts=&highlight=1093,1484,155,79&page=5;;※ consone
regulã;file:Zaborowski_Polona.djvu?djvuopts=&highlight=425,1436,164,66&page=5;;※ regulam
nõ;file:Zaborowski_Polona.djvu?djvuopts=&highlight=570,1438,75,61&page=5;; ※ non
hñt;file:Zaborowski_Polona.djvu?djvuopts=&highlight=641,1438,95,64&page=5;; ※ habent
legentiũ;file:Zaborowski_Polona.djvu?djvuopts=&highlight=814,1434,200,68&page=5;;※ legentium
diſcretiõi;file:Zaborowski_Polona.djvu?djvuopts=&highlight=1009,1429,209,75&page=5;;※ discretioni
relinquũt;file:Zaborowski_Polona.djvu?djvuopts=&highlight=1223,1418,204,81&page=5;sic;※ relinquunt
cũ;file:Zaborowski_Polona.djvu?djvuopts=&highlight=295,1375,75,61&page=5;;※ cum
conſyllabicũ;file:Zaborowski_Polona.djvu?djvuopts=&highlight=489,1384,270,54&page=5;;※ consillabicum
nun̃;file:Zaborowski_Polona.djvu?djvuopts=&highlight=759,1372,141,73&page=5;;※ nunquam
fignificatiõe;file:Zaborowski_Polona.djvu?djvuopts=&highlight=1186,1368,264,75&page=5;;※ significatione
cõﬀima;file:Zaborowski_Polona.djvu?djvuopts=&highlight=577,1320,184,61&page=5;;※ communissima
qñ;file:Zaborowski_Polona.djvu?djvuopts=&highlight=845,1322,80,66&page=5;;※ quando
cõſona;file:Zaborowski_Polona.djvu?djvuopts=&highlight=1059,1318,184,47&page=5;;※ consona
vulgariũ;file:Zaborowski_Polona.djvu?djvuopts=&highlight=359,1261,180,61&page=5;;※ vulgarium
cõfuſio;file:Zaborowski_Polona.djvu?djvuopts=&highlight=623,1254,168,68&page=5;;※ confusio
dic‍tionũ;file:Zaborowski_Polona.djvu?djvuopts=&highlight=775,1261,209,48&page=5;;※ dictionum
eiſdẽ;file:Zaborowski_Polona.djvu?djvuopts=&highlight=1048,1245,125,73&page=5;;※ eisdem
duplicẽ;file:Zaborowski_Polona.djvu?djvuopts=&highlight=1032,1020,184,64&page=5;;※ duplicem
ſonũ;file:Zaborowski_Polona.djvu?djvuopts=&highlight=1343,1027,116,54&page=5;;※ sonum
vnũ;file:Zaborowski_Polona.djvu?djvuopts=&highlight=1459,1016,114,63&page=5;;※ vnum
ꝓpriũ;file:Zaborowski_Polona.djvu?djvuopts=&highlight=189,970,131,57&page=5;;※ proprium
quẽ;file:Zaborowski_Polona.djvu?djvuopts=&highlight=330,963,90,59&page=5;;※ quem
dic‍tiõibꝰ;file:Zaborowski_Polona.djvu?djvuopts=&highlight=814,972,202,59&page=5;;※ dictionibus
ſoIiũ;file:Zaborowski_Polona.djvu?djvuopts=&highlight=1275,902,111,54&page=5;;※ folium
Alterũ;file:Zaborowski_Polona.djvu?djvuopts=&highlight=427,800,141,63&page=5;;※ Alterum
aũt;file:Zaborowski_Polona.djvu?djvuopts=&highlight=582,802,66,48&page=5;;※ autem
ſonũ;file:Zaborowski_Polona.djvu?djvuopts=&highlight=641,779,127,75&page=5;;※ sonum
durũ;file:Zaborowski_Polona.djvu?djvuopts=&highlight=898,788,116,57&page=5;;※ durum
nun̃;file:Zaborowski_Polona.djvu?djvuopts=&highlight=1059,777,159,66&page=5;;※ nunquam
etiã;file:Zaborowski_Polona.djvu?djvuopts=&highlight=1105,2613,106,50&page=6;;※ etiam
hmõi;file:Zaborowski_Polona.djvu?djvuopts=&highlight=514,2379,154,56&page=6;;※ huiusmodi
aliarũ;file:Zaborowski_Polona.djvu?djvuopts=&highlight=1100,2372,116,70&page=6;;※ aliarum
durarũ;file:Zaborowski_Polona.djvu?djvuopts=&highlight=1214,2374,163,59&page=6;;※ durarum
litterarũ;file:Zaborowski_Polona.djvu?djvuopts=&highlight=1368,2376,198,66&page=6;;※ literarum
hmõi;file:Zaborowski_Polona.djvu?djvuopts=&highlight=957,2329,113,52&page=6;;※ huiusmodi
aũt;file:Zaborowski_Polona.djvu?djvuopts=&highlight=1230,2313,86,57&page=6;;※ autem
diﬀerẽtia;file:Zaborowski_Polona.djvu?djvuopts=&highlight=1332,2315,186,61&page=6;;※ differentia
latinũ;file:Zaborowski_Polona.djvu?djvuopts=&highlight=595,2261,155,70&page=6;;※ latinum
ſonũ;file:Zaborowski_Polona.djvu?djvuopts=&highlight=907,2261,111,72&page=6;;※ sonum
eodẽ;file:Zaborowski_Polona.djvu?djvuopts=&highlight=1452,2256,123,64&page=6;;※ eodem
em̃;file:Zaborowski_Polona.djvu?djvuopts=&highlight=1552,2261,96,61&page=6;;※ enim
mõ;file:Zaborowski_Polona.djvu?djvuopts=&highlight=1652,2251,64,73&page=6;;※ modo
diiõibꝰ;file:Zaborowski_Polona.djvu?djvuopts=&highlight=841,2192,195,82&page=6;;※ dictionibus
exm̃;file:Zaborowski_Polona.djvu?djvuopts=&highlight=566,2142,118,57&page=6;;※ exemplum
tñ;file:Zaborowski_Polona.djvu?djvuopts=&highlight=1432,2140,73,59&page=6;;※ tamen
differũt;file:Zaborowski_Polona.djvu?djvuopts=&highlight=1493,2140,184,64&page=6;;※ differunt
drñt;file:Zaborowski_Polona.djvu?djvuopts=&highlight=559,2079,109,66&page=6;;※ differunt
gręcũ;file:Zaborowski_Polona.djvu?djvuopts=&highlight=723,2077,120,65&page=6;+2 Urbańczyk: gręcum?;※ graecum
diiõe;file:Zaborowski_Polona.djvu?djvuopts=&highlight=1257,2083,150,48&page=6;;※ dictione
tm̃;file:Zaborowski_Polona.djvu?djvuopts=&highlight=495,2033,82,30&page=6;;※ tamen
tñ;file:Zaborowski_Polona.djvu?djvuopts=&highlight=1639,2013,68,82&page=6;;※ tamen
quantũ;file:Zaborowski_Polona.djvu?djvuopts=&highlight=600,1961,148,77&page=6;;※ quantum
ſequẽte;file:Zaborowski_Polona.djvu?djvuopts=&highlight=823,1888,182,77&page=6;;※ sequente
eadẽ;file:Zaborowski_Polona.djvu?djvuopts=&highlight=1186,1906,125,61&page=6;;※ eadem
hmõi;file:Zaborowski_Polona.djvu?djvuopts=&highlight=711,1852,148,45&page=6;;※ huiusmodi
tñ;file:Zaborowski_Polona.djvu?djvuopts=&highlight=936,1845,87,70&page=6;;※ tamen
pũis;file:Zaborowski_Polona.djvu?djvuopts=&highlight=768,1768,125,84&page=6;;※ punctis
diõibꝰ;file:Zaborowski_Polona.djvu?djvuopts=&highlight=877,1743,187,52&page=6;;※ dictionibus
quidã;file:Zaborowski_Polona.djvu?djvuopts=&highlight=689,1665,138,68&highlight=668,1677,155,59&page=6;@;※ quidam
tñ;file:Zaborowski_Polona.djvu?djvuopts=&highlight=814,1679,68,73&page=6;;※ tamen
quantũ;file:Zaborowski_Polona.djvu?djvuopts=&highlight=1118,1672,155,57&page=6;;※ quantum
diiõibus;file:Zaborowski_Polona.djvu?djvuopts=&highlight=1568,1668,227,68&page=6;;※ dictionibus
ſonũ;file:Zaborowski_Polona.djvu?djvuopts=&highlight=727,1609,139,59&page=6;;※ sonum
mollẽ;file:Zaborowski_Polona.djvu?djvuopts=&highlight=852,1620,141,50&page=6;;※ mollem
latinũ;file:Zaborowski_Polona.djvu?djvuopts=&highlight=1055,1615,150,68&page=6;;※ latinum
durũ;file:Zaborowski_Polona.djvu?djvuopts=&highlight=1495,1611,116,66&page=6;;※ durum
latinũ;file:Zaborowski_Polona.djvu?djvuopts=&highlight=445,1554,144,55&page=6;;※ latinum
ponũt;file:Zaborowski_Polona.djvu?djvuopts=&highlight=586,1554,141,57&page=6;;※ ponunt
cõtra;file:Zaborowski_Polona.djvu?djvuopts=&highlight=864,1547,136,68&page=6;;※ contra
naturã;file:Zaborowski_Polona.djvu?djvuopts=&highlight=995,1556,160,55&page=6;;※ naturam
itẽ;file:Zaborowski_Polona.djvu?djvuopts=&highlight=1452,1540,80,80&page=6;;※ item
gręcũ;file:Zaborowski_Polona.djvu?djvuopts=&highlight=1543,1552,137,59&page=6;+2 Urbańczyk: gręcum;※ graecum
cũ;file:Zaborowski_Polona.djvu?djvuopts=&highlight=1734,1493,77,56&page=6;;※ cum
p̃cedẽti;file:Zaborowski_Polona.djvu?djvuopts=&highlight=405,1431,197,68&page=6;;※ precedenti
cõſillabicet᷑;file:Zaborowski_Polona.djvu?djvuopts=&highlight=732,1438,245,61&page=6;;※ consillabicetur
vñ;file:Zaborowski_Polona.djvu?djvuopts=&highlight=911,1384,69,54&page=6;;※ vnde
latinũ;file:Zaborowski_Polona.djvu?djvuopts=&highlight=1234,1375,161,68&page=6;;※ latinum
em̃;file:Zaborowski_Polona.djvu?djvuopts=&highlight=595,1318,87,72&page=6;;※ enim
latinũ;file:Zaborowski_Polona.djvu?djvuopts=&highlight=664,1325,147,68&page=6;;※ latinum
interdũ;file:Zaborowski_Polona.djvu?djvuopts=&highlight=895,1318,180,54&page=6;;※ interdum
ſillabã;file:Zaborowski_Polona.djvu?djvuopts=&highlight=1157,1313,152,80&page=6;;※ sillabam
diiõibꝰ;file:Zaborowski_Polona.djvu?djvuopts=&highlight=650,1259,182,61&page=6;;※ dictionibus
gręcũ;file:Zaborowski_Polona.djvu?djvuopts=&highlight=425,1209,141,41&page=6;+2; ※ graecum
nõ;file:Zaborowski_Polona.djvu?djvuopts=&highlight=545,1204,82,52&page=6;;※ non
itẽ;file:Zaborowski_Polona.djvu?djvuopts=&highlight=1427,1195,84,80&page=6;;※ item
latinũ;file:Zaborowski_Polona.djvu?djvuopts=&highlight=434,1136,148,79&page=6;;※ latinum
geminatũ;file:Zaborowski_Polona.djvu?djvuopts=&highlight=580,1138,218,59&page=6;;※ geminatum
gręcũ;file:Zaborowski_Polona.djvu?djvuopts=&highlight=884,1145,139,55&page=6;+2 Urbańczyk: gręcum;※ graecum
em̃;file:Zaborowski_Polona.djvu?djvuopts=&highlight=1045,1147,98,53&page=6;;※ enim
latinũ;file:Zaborowski_Polona.djvu?djvuopts=&highlight=1134,1145,130,61&page=6;;※ latinum
geminatũ;file:Zaborowski_Polona.djvu?djvuopts=&highlight=1264,1134,218,72&page=6;;※ geminatum
primũ;file:Zaborowski_Polona.djvu?djvuopts=&highlight=818,1086,173,54&page=6;;※ primum
diiõibꝰ.;file:Zaborowski_Polona.djvu?djvuopts=&highlight=768,1027,187,61&page=6;;※ dictionibus
etiã;file:Zaborowski_Polona.djvu?djvuopts=&highlight=791,959,86,63&page=6;;※ etiam
põt;file:Zaborowski_Polona.djvu?djvuopts=&highlight=855,963,88,50&page=6;;※ potest
gręcũ;file:Zaborowski_Polona.djvu?djvuopts=&highlight=1168,886,139,91&page=6;+2; ※ graecum
cũ;file:Zaborowski_Polona.djvu?djvuopts=&highlight=1298,906,66,55&page=6;;※ cum
vnã;file:Zaborowski_Polona.djvu?djvuopts=&highlight=1691,893,111,70&page=6;;※ vnam
hmõi;file:Zaborowski_Polona.djvu?djvuopts=&highlight=1018,841,139,63&page=6;;※ huiusmodi
ſonũ;file:Zaborowski_Polona.djvu?djvuopts=&highlight=766,2697,120,52&page=7;;※ sonum
exilẽ;file:Zaborowski_Polona.djvu?djvuopts=&highlight=1045,2685,119,71&page=7;;※ exilem
cũ;file:Zaborowski_Polona.djvu?djvuopts=&highlight=1161,2683,53,73&page=7;;※ cum
diionẽ;file:Zaborowski_Polona.djvu?djvuopts=&highlight=652,2638,184,59&page=7;;※ dictionem
ſillabã;file:Zaborowski_Polona.djvu?djvuopts=&highlight=905,2624,150,66&page=7;;※ sillabam
añ;file:Zaborowski_Polona.djvu?djvuopts=&highlight=300,2565,61,59&page=7;;※ ante
cõſonantẽ;file:Zaborowski_Polona.djvu?djvuopts=&highlight=643,2576,234,57&page=7;;※ consonantem
mediũ;file:Zaborowski_Polona.djvu?djvuopts=&highlight=1098,2567,166,66&page=7;;※ medium
cũ;file:Zaborowski_Polona.djvu?djvuopts=&highlight=1311,2572,71,61&page=7;;※ cum
cõis;file:Zaborowski_Polona.djvu?djvuopts=&highlight=1086,2504,89,77&page=7;;※ communis
diiõibus:;file:Zaborowski_Polona.djvu?djvuopts=&highlight=368,2454,239,63&page=7;;※ dictionibus
eodẽ;file:Zaborowski_Polona.djvu?djvuopts=&highlight=723,2458,134,55&page=7;;※ eodem
mõ;file:Zaborowski_Polona.djvu?djvuopts=&highlight=841,2456,91,54&page=7;;※ modo
vñ;file:Zaborowski_Polona.djvu?djvuopts=&highlight=1248,2454,84,68&page=7;;※ vnde
latinũ;file:Zaborowski_Polona.djvu?djvuopts=&highlight=441,2276,127,62&page=7;;※ latinum
faciũt;file:Zaborowski_Polona.djvu?djvuopts=&highlight=641,2279,129,66&page=7;;※ faciunt
ꝗdã;file:Zaborowski_Polona.djvu?djvuopts=&highlight=777,2265,98,84&page=7;;※ quidam
ſcribẽtes;file:Zaborowski_Polona.djvu?djvuopts=&highlight=1025,2272,198,70&page=7;;※ scribentes
talẽ;file:Zaborowski_Polona.djvu?djvuopts=&highlight=1234,2283,82,50&page=7;;※ talem
ſonũ;file:Zaborowski_Polona.djvu?djvuopts=&highlight=1305,2272,127,77&page=7;;※ sonum
cũ;file:Zaborowski_Polona.djvu?djvuopts=&highlight=1477,2274,55,73&page=7;;※ cum
ſequẽte;file:Zaborowski_Polona.djvu?djvuopts=&highlight=759,2226,182,46&page=7;;※ sequente
barborũ;file:Zaborowski_Polona.djvu?djvuopts=&highlight=414,2149,191,73&page=7;sic!;※ barbarum
ſuꝑfluũ.;file:Zaborowski_Polona.djvu?djvuopts=&highlight=711,2151,191,91&page=7;;※ superfluum
diiõibus;file:Zaborowski_Polona.djvu?djvuopts=&highlight=855,2104,227,68&page=7;;※ dictionibus
mendaciũ;file:Zaborowski_Polona.djvu?djvuopts=&highlight=814,2052,206,47&page=7;;※ mendacium
lixiuiũ.;file:Zaborowski_Polona.djvu?djvuopts=&highlight=561,1992,164,53&page=7;;※ lixiuium
cũ;file:Zaborowski_Polona.djvu?djvuopts=&highlight=1395,1986,69,59&page=7;;※ cum
tñ;file:Zaborowski_Polona.djvu?djvuopts=&highlight=300,1863,84,64&page=7;;※ tamen
quidã;file:Zaborowski_Polona.djvu?djvuopts=&highlight=318,1804,171,66&page=7;;※ quidam
latinũ;file:Zaborowski_Polona.djvu?djvuopts=&highlight=868,1806,143,71&page=7;;※ latinum
durũ;file:Zaborowski_Polona.djvu?djvuopts=&highlight=1073,1811,136,75&page=7;;※ durum
talẽ;file:Zaborowski_Polona.djvu?djvuopts=&highlight=1195,1811,96,70&page=7;;※ talem
faciũt;file:Zaborowski_Polona.djvu?djvuopts=&highlight=1268,1811,139,72&page=7;;※ faciunt
drñtiam;file:Zaborowski_Polona.djvu?djvuopts=&highlight=1407,1806,202,73&page=7;;※ differentiam
em̃;file:Zaborowski_Polona.djvu?djvuopts=&highlight=243,1749,89,62&page=7;;※ enim
latinũ;file:Zaborowski_Polona.djvu?djvuopts=&highlight=300,1733,168,75&page=7;;※ latinum
ſcribũt;file:Zaborowski_Polona.djvu?djvuopts=&highlight=450,1749,168,62&page=7;;※ scribunt
cũ;file:Zaborowski_Polona.djvu?djvuopts=&highlight=752,1740,71,71&page=7;;※ cum
rotũdũ;file:Zaborowski_Polona.djvu?djvuopts=&highlight=1009,1743,175,63&page=7;;※ rotundum
durũ;file:Zaborowski_Polona.djvu?djvuopts=&highlight=1275,1749,130,66&page=7;;※ durum
reũ;file:Zaborowski_Polona.djvu?djvuopts=&highlight=1482,1756,123,57&page=7;;※ rectum
baculũ;file:Zaborowski_Polona.djvu?djvuopts=&highlight=341,1693,161,52&page=7;;※ baculum
cũ;file:Zaborowski_Polona.djvu?djvuopts=&highlight=1314,1690,66,80&page=7;;※ cum
vtrũ;file:Zaborowski_Polona.djvu?djvuopts=&highlight=1373,1693,147,70&page=7;;※ vtrumque
latinũ;file:Zaborowski_Polona.djvu?djvuopts=&highlight=220,1627,150,61&page=7;;※ latinum
durũ;file:Zaborowski_Polona.djvu?djvuopts=&highlight=934,1629,116,75&page=7;;※ durum
vſitatũ;file:Zaborowski_Polona.djvu?djvuopts=&highlight=1439,1633,177,66&page=7;;※ vsitatum
fignandũ;file:Zaborowski_Polona.djvu?djvuopts=&highlight=1370,1579,221,52&page=7;;※ signandum
qñ;file:Zaborowski_Polona.djvu?djvuopts=&highlight=1075,1502,73,75&page=7;;※ quando
cõcurrũt;file:Zaborowski_Polona.djvu?djvuopts=&highlight=550,1456,209,57&page=7;;※ concurrunt
eadẽ;file:Zaborowski_Polona.djvu?djvuopts=&highlight=807,1454,100,64&page=7;;※ eadem
exm̃;file:Zaborowski_Polona.djvu?djvuopts=&highlight=220,1393,121,66&page=7;;※ exemplum
vnã;file:Zaborowski_Polona.djvu?djvuopts=&highlight=741,1409,89,52&page=7;;※ vnam
illarũ;file:Zaborowski_Polona.djvu?djvuopts=&highlight=836,1399,132,62&page=7;;※ illorum
triplicẽ;file:Zaborowski_Polona.djvu?djvuopts=&highlight=452,1329,173,66&page=7;;※ triplicem
ſonũ;file:Zaborowski_Polona.djvu?djvuopts=&highlight=739,1325,118,81&page=7;;※ sonum
obſcurũ;file:Zaborowski_Polona.djvu?djvuopts=&highlight=1005,1327,186,61&page=7;;※ obscurum
templũ;file:Zaborowski_Polona.djvu?djvuopts=&highlight=416,1284,159,45&page=7;;※ templum
Apertũ;file:Zaborowski_Polona.djvu?djvuopts=&highlight=584,1288,177,43&page=7;;※ Apertum
diiõis;file:Zaborowski_Polona.djvu?djvuopts=&highlight=818,1290,162,50&page=7;;※ dictionis
prĩcipio;file:Zaborowski_Polona.djvu?djvuopts=&highlight=1007,1277,168,68&page=7;;※ principio
mediocrẽ;file:Zaborowski_Polona.djvu?djvuopts=&highlight=1364,1286,247,54&page=7;;※ mediocrem
diiõibꝰ;file:Zaborowski_Polona.djvu?djvuopts=&highlight=1305,1225,206,59&page=7;;※ dictionibus
cões;file:Zaborowski_Polona.djvu?djvuopts=&highlight=227,1152,100,68&page=7;;※ communes
duplicẽ;file:Zaborowski_Polona.djvu?djvuopts=&highlight=486,1100,169,56&page=7;;※ duplicem
ſonũ;file:Zaborowski_Polona.djvu?djvuopts=&highlight=777,1104,114,59&page=7;;※ sonum
plenũ;file:Zaborowski_Polona.djvu?djvuopts=&highlight=1050,1104,130,61&page=7;;※ plenum
ſillabarũ;file:Zaborowski_Polona.djvu?djvuopts=&highlight=414,1050,206,59&page=7;;※ sillabarum
nomẽ;file:Zaborowski_Polona.djvu?djvuopts=&highlight=684,1041,132,63&page=7;;※ nomen
exilẽ;file:Zaborowski_Polona.djvu?djvuopts=&highlight=866,1047,125,48&page=7;;※ exilem
diiõibus;file:Zaborowski_Polona.djvu?djvuopts=&highlight=286,979,221,66&page=7;;※ dictionibus
terciũ;file:Zaborowski_Polona.djvu?djvuopts=&highlight=845,979,135,68&page=7;;※ tercium
ſonũ;file:Zaborowski_Polona.djvu?djvuopts=&highlight=973,975,109,77&page=7;;※ sonum
mollẽ:;file:Zaborowski_Polona.djvu?djvuopts=&highlight=1089,988,136,48&page=7;;※ mollem
quẽ;file:Zaborowski_Polona.djvu?djvuopts=&highlight=1223,977,91,70&page=7;;※ quem
cõſona;file:Zaborowski_Polona.djvu?djvuopts=&highlight=632,920,154,73&page=7;;※ consona
põt;file:Zaborowski_Polona.djvu?djvuopts=&highlight=373,866,72,59&page=7;;※ potest
litterarũ;file:Zaborowski_Polona.djvu?djvuopts=&highlight=1064,859,191,70&page=7;;※ litterarum
molliũ;file:Zaborowski_Polona.djvu?djvuopts=&highlight=1248,863,161,66&page=7;;※ mollium
duplicẽ;file:Zaborowski_Polona.djvu?djvuopts=&highlight=720,2688,162,63&page=8;;※ duplicem
ſonũ;file:Zaborowski_Polona.djvu?djvuopts=&highlight=1005,2681,131,84&page=8;;※ sonum
vnũ;file:Zaborowski_Polona.djvu?djvuopts=&highlight=1125,2685,102,57&page=8;;※ vnum
cõmunẽ;file:Zaborowski_Polona.djvu?djvuopts=&highlight=561,2624,207,70&page=8;;※ communem
alterũ;file:Zaborowski_Polona.djvu?djvuopts=&highlight=759,2638,150,68&page=8;;※ alterum
impropriu:̃;file:Zaborowski_Polona.djvu?djvuopts=&highlight=900,2620,257,74&page=8;;※ improprium
quẽ;file:Zaborowski_Polona.djvu?djvuopts=&highlight=1150,2624,111,64&page=8;;※ quem
durarũ;file:Zaborowski_Polona.djvu?djvuopts=&highlight=1066,2563,166,68&page=8;;※ durarum
impropriarũ;file:Zaborowski_Polona.djvu?djvuopts=&highlight=1305,2563,290,63&page=8;;※ impropriarum
litterarũ;file:Zaborowski_Polona.djvu?djvuopts=&highlight=1586,2556,196,68&page=8;;※ litterarum
pũo;file:Zaborowski_Polona.djvu?djvuopts=&highlight=386,2515,153,55&page=8;;※ puncto
vnũ;file:Zaborowski_Polona.djvu?djvuopts=&highlight=1548,2445,88,54&page=8;;※ Vnum
ꝓpriũ;file:Zaborowski_Polona.djvu?djvuopts=&highlight=1634,2431,148,79&page=8;;※ proprium
excuorũ;file:Zaborowski_Polona.djvu?djvuopts=&highlight=1455,2372,234,77&page=8;;※ excussorum
aliũ;file:Zaborowski_Polona.djvu?djvuopts=&highlight=659,2340,107,48&page=8;;※ alium
durũ;file:Zaborowski_Polona.djvu?djvuopts=&highlight=766,2338,114,63&page=8;;※ durum
impropriũ;file:Zaborowski_Polona.djvu?djvuopts=&highlight=923,2329,245,68&page=8;;※ improprium
ꝗdã;file:Zaborowski_Polona.djvu?djvuopts=&highlight=850,2206,105,77&page=8;;※ quidam
talẽ;file:Zaborowski_Polona.djvu?djvuopts=&highlight=948,2213,86,77&page=8;;※ talem
ſonũ;file:Zaborowski_Polona.djvu?djvuopts=&highlight=1032,2215,118,68&page=8;;※ sonum
ſcribũit;file:Zaborowski_Polona.djvu?djvuopts=&highlight=1145,2217,160,53&page=8;;※ scribunt
omniũ;file:Zaborowski_Polona.djvu?djvuopts=&highlight=993,2158,150,75&page=8;;※ omnium
tñ;file:Zaborowski_Polona.djvu?djvuopts=&highlight=1407,2145,73,70&page=8;;※ tamen
aliarũ;file:Zaborowski_Polona.djvu?djvuopts=&highlight=959,2102,146,65&page=8;;※ aliarum
etiã;file:Zaborowski_Polona.djvu?djvuopts=&highlight=1600,2022,95,73&page=8;;※ etiam
aliarũ;file:Zaborowski_Polona.djvu?djvuopts=&highlight=439,1986,161,56&page=8;;※ aliarum
molliũ;file:Zaborowski_Polona.djvu?djvuopts=&highlight=577,1979,155,75&page=8;;※ mollium
litterarũ;file:Zaborowski_Polona.djvu?djvuopts=&highlight=734,1981,177,68&page=8;;※ litterarum
diiõibus;file:Zaborowski_Polona.djvu?djvuopts=&highlight=1200,1915,211,71&page=8;;※ dictionibus
nõ;file:Zaborowski_Polona.djvu?djvuopts=&highlight=1407,1915,68,57&page=8;;※ non
em̃;file:Zaborowski_Polona.djvu?djvuopts=&highlight=1477,1911,80,70&page=8;;※ enim
tñ;file:Zaborowski_Polona.djvu?djvuopts=&highlight=889,1802,75,66&page=8;;※ tamen
diiõibꝰ;file:Zaborowski_Polona.djvu?djvuopts=&highlight=961,1802,196,79&page=8;;※ dictionibus
cõfone;file:Zaborowski_Polona.djvu?djvuopts=&highlight=1286,1788,175,68&page=8;;※ consone
vñ;file:Zaborowski_Polona.djvu?djvuopts=&highlight=568,1743,66,70&page=8;;※ vnde
ſillabã;file:Zaborowski_Polona.djvu?djvuopts=&highlight=709,1740,134,73&page=8;;※ sillabam
nõ;file:Zaborowski_Polona.djvu?djvuopts=&highlight=850,1745,80,68&page=8;;※ non
quẽadmodũ;file:Zaborowski_Polona.djvu?djvuopts=&highlight=1007,1743,279,68&page=8;;※ quemadmodum
ſepenũero;file:Zaborowski_Polona.djvu?djvuopts=&highlight=534,1674,236,75&page=8;;※ sepenumero
cũ;file:Zaborowski_Polona.djvu?djvuopts=&highlight=1207,1686,59,63&page=8;;※ cum
fequẽti;file:Zaborowski_Polona.djvu?djvuopts=&highlight=1255,1672,170,80&page=8;;※ sequenti
diiõe;file:Zaborowski_Polona.djvu?djvuopts=&highlight=1443,1683,143,62&page=8;;※ dictione
aũt;file:Zaborowski_Polona.djvu?djvuopts=&highlight=1343,1615,107,68&page=8;;※ autem
diiõibus;file:Zaborowski_Polona.djvu?djvuopts=&highlight=1684,1611,96,68&highlight=382,1579,198,52&page=8;;※ dictionibus
cõſona;file:Zaborowski_Polona.djvu?djvuopts=&highlight=786,1565,159,64&page=8;;※ consona
ſequẽte;file:Zaborowski_Polona.djvu?djvuopts=&highlight=1289,1559,166,63&page=8;;※ sequente
cũ;file:Zaborowski_Polona.djvu?djvuopts=&highlight=1450,1563,82,64&page=8;;※ cum
eadẽ;file:Zaborowski_Polona.djvu?djvuopts=&highlight=584,1513,123,61&page=8;;※ eadem
exm̃;file:Zaborowski_Polona.djvu?djvuopts=&highlight=1534,1490,114,71&page=8;;※ exemplum
cũ;file:Zaborowski_Polona.djvu?djvuopts=&highlight=759,1386,57,73&page=8;;※ cum
tñ;file:Zaborowski_Polona.djvu?djvuopts=&highlight=964,1386,59,70&page=8;;※ tamen
conſillabicũ.;file:Zaborowski_Polona.djvu?djvuopts=&highlight=1252,1384,275,70&page=8;;※ consillabicum
verborũ;file:Zaborowski_Polona.djvu?djvuopts=&highlight=609,1334,193,63&page=8;;※ verborum
aũt;file:Zaborowski_Polona.djvu?djvuopts=&highlight=1484,1318,96,61&page=8;;※ autem
duplicẽ;file:Zaborowski_Polona.djvu?djvuopts=&highlight=486,1220,171,68&page=8;;※ duplicem
ſonũ;file:Zaborowski_Polona.djvu?djvuopts=&highlight=780,1213,131,68&page=8;;※ sonum
vnũ;file:Zaborowski_Polona.djvu?djvuopts=&highlight=895,1218,116,66&page=8;;※ vnum
ꝓpriũ;file:Zaborowski_Polona.djvu?djvuopts=&highlight=984,1204,146,61&page=8;;※ proprium
diiõibꝰ;file:Zaborowski_Polona.djvu?djvuopts=&highlight=1555,1202,190,75&page=8;;※ dictionibus
impropriũ;file:Zaborowski_Polona.djvu?djvuopts=&highlight=511,1152,250,68&page=8;;※ improprium
durũ;file:Zaborowski_Polona.djvu?djvuopts=&highlight=852,1154,132,66&page=8;;※ durum
mollẽ;file:Zaborowski_Polona.djvu?djvuopts=&highlight=1023,1152,143,66&page=8;;※ mollem
duplicẽ;file:Zaborowski_Polona.djvu?djvuopts=&highlight=609,1038,168,71&page=8;;※ duplicem
ſonũ;file:Zaborowski_Polona.djvu?djvuopts=&highlight=882,1025,129,79&page=8;;※ sonum
propriũ;file:Zaborowski_Polona.djvu?djvuopts=&highlight=1018,1029,191,64&page=8;;※ proprium
impropriũ;file:Zaborowski_Polona.djvu?djvuopts=&highlight=1250,1034,239,57&page=8;;※ improprium
ꝓpriũ;file:Zaborowski_Polona.djvu?djvuopts=&highlight=1498,1020,143,64&page=8;;※ proprium
impropriũ;file:Zaborowski_Polona.djvu?djvuopts=&highlight=820,963,266,84&page=8;;※ improprium
durũ;file:Zaborowski_Polona.djvu?djvuopts=&highlight=1459,961,114,77&page=8;;※ durum
mollẽ;file:Zaborowski_Polona.djvu?djvuopts=&highlight=507,929,129,57&page=8;;※ mollem
Cauendũ;file:Zaborowski_Polona.djvu?djvuopts=&highlight=464,861,204,80&page=8;;※ Cauendum
cõurrſo;file:Zaborowski_Polona.djvu?djvuopts=&highlight=1559,845,182,75&page=8;;※ conuerso
diiõe;file:Zaborowski_Polona.djvu?djvuopts=&highlight=1314,795,163,68&page=8;;※ dictione
nõ;file:Zaborowski_Polona.djvu?djvuopts=&highlight=1684,795,89,59&page=8;;※ non
diionũ;file:Zaborowski_Polona.djvu?djvuopts=&highlight=616,2669,189,66&page=9;;※ dictionum
vulgariũ;file:Zaborowski_Polona.djvu?djvuopts=&highlight=800,2672,202,57&page=9;;※ vulgarium
cũ;file:Zaborowski_Polona.djvu?djvuopts=&highlight=980,2669,97,50&page=9;;※ cum
diionũl;file:Zaborowski_Polona.djvu?djvuopts=&highlight=1230,2656,175,52&page=9;;※ dictionum
ſiꝉimõ;file:Zaborowski_Polona.djvu?djvuopts=&highlight=250,2617,136,50&highlight=302,2617,80,52&page=9;;※ similimodo
cõferuãdo;file:Zaborowski_Polona.djvu?djvuopts=&highlight=1052,2601,228,73&page=9;;※ conseruando
aũt;file:Zaborowski_Polona.djvu?djvuopts=&highlight=1366,2604,84,56&page=9;;※ autem
diũ;file:Zaborowski_Polona.djvu?djvuopts=&highlight=1161,2542,121,78&page=9;;※ dictum
vnã;file:Zaborowski_Polona.djvu?djvuopts=&highlight=525,2495,95,56&page=9;;※ vnam
generalẽ;file:Zaborowski_Polona.djvu?djvuopts=&highlight=625,2483,177,73&page=9;;※ generalem
gñalis;file:Zaborowski_Polona.djvu?djvuopts=&highlight=1325,2485,141,55&page=9;;※ generalis
excedẽtes;file:Zaborowski_Polona.djvu?djvuopts=&highlight=625,2429,209,66&page=9;;※ excedentes
collũ;file:Zaborowski_Polona.djvu?djvuopts=&highlight=1116,2313,102,59&page=9;;※ collum
pũis.;file:Zaborowski_Polona.djvu?djvuopts=&highlight=1068,2247,150,75&page=9;;※ punctis
foramẽ;file:Zaborowski_Polona.djvu?djvuopts=&highlight=375,2204,161,70&page=9;;※ foramen
auiũ;file:Zaborowski_Polona.djvu?djvuopts=&highlight=541,2199,91,62&page=9;;※ auium
dr̃;file:Zaborowski_Polona.djvu?djvuopts=&highlight=643,2201,68,75&page=9;;※ dicitur
tamẽ;file:Zaborowski_Polona.djvu?djvuopts=&highlight=625,2138,130,68&page=9;;※ tamen
primũ;file:Zaborowski_Polona.djvu?djvuopts=&highlight=736,2138,144,59&page=9;;※ primum
horũ;file:Zaborowski_Polona.djvu?djvuopts=&highlight=1125,2133,132,62&page=9;;※ horum
aũt;file:Zaborowski_Polona.djvu?djvuopts=&highlight=1261,2142,80,55&page=9;;※ autem
diũ;file:Zaborowski_Polona.djvu?djvuopts=&highlight=509,2027,114,68&page=9;;※ dictum
nã;file:Zaborowski_Polona.djvu?djvuopts=&highlight=1032,2020,73,59&page=9;;※ nam
diﬅinguẽdis;file:Zaborowski_Polona.djvu?djvuopts=&highlight=450,1958,264,80&page=9;;※ distinguendis
ſaltẽ;file:Zaborowski_Polona.djvu?djvuopts=&highlight=977,1899,103,80&page=9;;※ saltem
Alphabetũ;file:Zaborowski_Polona.djvu?djvuopts=&highlight=1100,1849,252,57&page=9;;※ alphabetum
Polonicũ;file:Zaborowski_Polona.djvu?djvuopts=&highlight=1325,1836,220,75&page=9;;※ polonicum
litterarũ;file:Zaborowski_Polona.djvu?djvuopts=&highlight=559,1663,202,73&page=9;; ※ litterarum
prudẽtie;file:Zaborowski_Polona.djvu?djvuopts=&highlight=843,1613,202,66&page=9;;※ prudentie
drñtiam;file:Zaborowski_Polona.djvu?djvuopts=&highlight=152,1554,207,68&page=9;;※ differentiam
em̃;file:Zaborowski_Polona.djvu?djvuopts=&highlight=832,1556,68,62&page=9;;※ enim
litterarũ;file:Zaborowski_Polona.djvu?djvuopts=&highlight=614,1486,193,77&page=9;;※ litterarum
differẽtias;file:Zaborowski_Polona.djvu?djvuopts=&highlight=805,1486,225,68&page=9;;※ differentias
nõ;file:Zaborowski_Polona.djvu?djvuopts=&highlight=534,1431,71,64&page=9;;※ non
dñica.;file:Zaborowski_Polona.djvu?djvuopts=&highlight=1409,1368,141,59&page=9;;※ dominica
amẽ;file:Zaborowski_Polona.djvu?djvuopts=&highlight=570,1077,105,66&page=9;;※ amen
simbolũ;file:Zaborowski_Polona.djvu?djvuopts=&highlight=655,900,197,68&page=9;;※ simbolum
apoﬅolorũ;file:Zaborowski_Polona.djvu?djvuopts=&highlight=843,891,246,65&page=9;sic!;※ apostolicum
Põtſkẽ;file:Zaborowski_Polona.djvu?djvuopts=&highlight=1364,704,181,96&page=9;1 PL;※ Pontskim
Pilatẽ;file:Zaborowski_Polona.djvu?djvuopts=&highlight=393,2667,137,68&page=10;PL;※ Pilatem
vkfriʒoũ;file:Zaborowski_Polona.djvu?djvuopts=&highlight=541,2672,189,59&page=10;PL;※ vkṙiżouan
amẽ;file:Zaborowski_Polona.djvu?djvuopts=&highlight=1600,2435,130,73&page=10;;※ amen
p̃cepta;file:Zaborowski_Polona.djvu?djvuopts=&highlight=595,1259,164,52&page=10;;※ precepta
euãgeiice;file:Zaborowski_Polona.djvu?djvuopts=&highlight=864,1247,209,71&page=10;;※ euangelice
exẽplo;file:Zaborowski_Polona.djvu?djvuopts=&highlight=634,1091,141,54&page=10;;※ exemplo
tñ;file:Zaborowski_Polona.djvu?djvuopts=&highlight=1111,1072,66,75&page=10;sic!;※ tum
ꝗbuſdã;file:Zaborowski_Polona.djvu?djvuopts=&highlight=1291,1072,173,68&page=10;;※ quibusdam
tũ;file:Zaborowski_Polona.djvu?djvuopts=&highlight=614,1031,68,55&page=10;;※ tum
cõmunia;file:Zaborowski_Polona.djvu?djvuopts=&highlight=805,1022,200,59&page=10;;※ communia
quẽlibet;file:Zaborowski_Polona.djvu?djvuopts=&highlight=1348,1011,195,77&page=10;;※ quemlibet
dñicam;file:Zaborowski_Polona.djvu?djvuopts=&highlight=534,966,175,72&page=10;;※ dominicam
orationẽ;file:Zaborowski_Polona.djvu?djvuopts=&highlight=805,966,193,56&page=10;;※ orationem
simbolũ;file:Zaborowski_Polona.djvu?djvuopts=&highlight=486,904,198,80&page=10;;※ simbolum
apoﬅolorũ;file:Zaborowski_Polona.djvu?djvuopts=&highlight=1245,850,239,54&page=10;;※ apostolorum
celũ;file:Zaborowski_Polona.djvu?djvuopts=&highlight=1664,791,136,52&page=10;;※ celum
em̃;file:Zaborowski_Polona.djvu?djvuopts=&highlight=859,729,93,66&page=10;;※ enim
Primũ;file:Zaborowski_Polona.djvu?djvuopts=&highlight=1132,720,163,77&page=10;;※ Primum
om̃ia;file:Zaborowski_Polona.djvu?djvuopts=&highlight=393,2663,143,68&page=11;;※ omnia
ꝗd̃;file:Zaborowski_Polona.djvu?djvuopts=&highlight=850,2649,161,89&page=11;;※ quid
em̃;file:Zaborowski_Polona.djvu?djvuopts=&highlight=850,2649,161,89&page=11;;※ enim
em̃;file:Zaborowski_Polona.djvu?djvuopts=&highlight=939,2672,81,50&page=11;;※ enim
idẽ;file:Zaborowski_Polona.djvu?djvuopts=&highlight=1055,2663,93,68&page=11;;※ idem
mundũ;file:Zaborowski_Polona.djvu?djvuopts=&highlight=680,2604,172,65&page=11;;※ mundum
detrimentũ;file:Zaborowski_Polona.djvu?djvuopts=&highlight=1070,2601,266,71&page=11;;※ detrimentum
quã;file:Zaborowski_Polona.djvu?djvuopts=&highlight=561,2545,98,65&page=11;;※ quam
quẽlibet;file:Zaborowski_Polona.djvu?djvuopts=&highlight=236,2476,180,69&page=11;;※ quemlibet
crﬅianũ;file:Zaborowski_Polona.djvu?djvuopts=&highlight=550,2479,175,70&page=11;;※ cristianum
vitã;file:Zaborowski_Polona.djvu?djvuopts=&highlight=1055,2481,102,77&page=11;;※ vitam
em̃;file:Zaborowski_Polona.djvu?djvuopts=&highlight=1218,2445,82,45&page=11;;※ enim
ſolũ;file:Zaborowski_Polona.djvu?djvuopts=&highlight=1386,2433,109,77&page=11;;※ solum
oñdunt;file:Zaborowski_Polona.djvu?djvuopts=&highlight=814,2376,163,62&page=11;;※ ostendunt
em̃;file:Zaborowski_Polona.djvu?djvuopts=&highlight=1334,2381,75,59&page=11;;※ enim
Tulliũ;file:Zaborowski_Polona.djvu?djvuopts=&highlight=214,2315,166,73&page=11;;※ Tullium
animarũ;file:Zaborowski_Polona.djvu?djvuopts=&highlight=1266,2317,195,53&page=11;;※ animarum
excedẽtiũ;file:Zaborowski_Polona.djvu?djvuopts=&highlight=330,2249,245,59&page=11;;※ excedentium
violẽda;file:Zaborowski_Polona.djvu?djvuopts=&highlight=1334,2197,150,61&page=11;sic!;※ violanda
deuiũ;file:Zaborowski_Polona.djvu?djvuopts=&highlight=634,2142,141,57&page=11;;※ deuium
quoddã;file:Zaborowski_Polona.djvu?djvuopts=&highlight=755,2120,188,84&page=11;;※ quoddam
cõſilio;file:Zaborowski_Polona.djvu?djvuopts=&highlight=1343,2142,162,62&page=11;;※ consilio
vitã;file:Zaborowski_Polona.djvu?djvuopts=&highlight=545,2015,105,68&page=11;;※ vitam
deorũ;file:Zaborowski_Polona.djvu?djvuopts=&highlight=798,2017,138,60&page=11;;※ deorum
cõfirmata;file:Zaborowski_Polona.djvu?djvuopts=&highlight=920,1906,220,56&page=11;;※ confirmata?
humanã;file:Zaborowski_Polona.djvu?djvuopts=&highlight=1408,1838,194,68&page=11;;※ humanam
bonũ;file:Zaborowski_Polona.djvu?djvuopts=&highlight=852,1790,124,60&page=11;;※ bonum
exiﬅimandũ;file:Zaborowski_Polona.djvu?djvuopts=&highlight=1090,1790,268,44&page=11;;※ existimandum
vtilitatẽ;file:Zaborowski_Polona.djvu?djvuopts=&highlight=1156,1740,178,44&page=11;;※ vtilitatem
om̃es;file:Zaborowski_Polona.djvu?djvuopts=&highlight=1076,1668,130,56&page=11;;※ omnes
ſecũdum;file:Zaborowski_Polona.djvu?djvuopts=&highlight=1496,1672,100,60&highlight=232,1610,108,62&page=11;;※ secundum
aũt;file:Zaborowski_Polona.djvu?djvuopts=&highlight=802,1610,88,64&page=11;;※ autem
honeﬅũ;file:Zaborowski_Polona.djvu?djvuopts=&highlight=1402,1616,200,54&page=11;;※ honestum
iuﬅũ;file:Zaborowski_Polona.djvu?djvuopts=&highlight=580,1556,116,50&page=11;;※ iustum
iniuﬅũ;file:Zaborowski_Polona.djvu?djvuopts=&highlight=818,1548,154,66&page=11;;※ iniustum
eligendũ;file:Zaborowski_Polona.djvu?djvuopts=&highlight=1094,1554,204,64&page=11;;※ eligendum
oñdat᷑;file:Zaborowski_Polona.djvu?djvuopts=&highlight=702,1494,128,58&page=11;;※ ostendatur
ſigmentorũ;file:Zaborowski_Polona.djvu?djvuopts=&highlight=280,1420,278,86&page=11;;※ figmentorum
paganorũ;file:Zaborowski_Polona.djvu?djvuopts=&highlight=628,1372,224,60&page=11;;※ paganorum
